pregunta,referencia,respuesta_rag,fuentes_rag,rougeL_rag,respuesta_base,respuesta_afinada,rougeL_base,rougeL_afinado,referencia_limpia,rag_rechazo,longitud_base,longitud_afinado,longitud_rag,longitud_referencia,ganador_rag_vs_afinado,n_manuales_citados
What role do M components play in the PLC system?,They serve as internal auxiliary relays for logic processing[cite: 6].,"The text states that M components are internal relays in the PLC system and are used to transmit the output signal of the system PLC to the output point. They are not directly output to an external source and are usually defined as the input, output or status of a certain function.",PLC__User_Manual_final__v2 p.5; CRP_programming_instruction p.10; PLC__User_Manual_final__v2 p.22; PLC__User_Manual_final__v2 p.6; CRP-Welding_Technology_Instruction_Manual p.9; PLC__User_Manual_final__v2 p.4,0.0634920634920635,"M components play a key role in the PLC system by providing a bridge between the hardware and the software. They act as intermediaries between the hardware and the software, allowing the software to control the hardware components and receive data from them.

**Key Functions of M Components:**

**1. Interface Definition:**
- M components define interfaces that specify the communication protocols and data formats used to interact with hardware devices.
- These interfaces are standardized and abstract, allowing different hardware devices to be easily integrated into the system.

**2. Hardware Abstraction:**
- M components abstract the complexities of hardware devices, such as sensors, actuators, and controllers, from the software.
- They provide a simplified interface for software to interact with hardware components.

**3. Data Acquisition and Control:**
- M components handle data acquisition and control operations for hardware devices.
- They gather data from sensors, actuators, and other hardware components and make it available to the software.

**4. Communication and Networking:**
- M components facilitate communication between the software and hardware devices over networks or other communication channels.
- They handle data transmission and reception, ensuring reliable and timely communication.

**5. Data Conversion:**
- M components convert data between different formats and units of measurement",M components are internal auxiliary relays.,0.0289855072463768,0.3529411764705882,They serve as internal auxiliary relays for logic processing.,False,205,6,52,9,gana afinado,3
What ambient humidity level is required for operating CRP industrial robots?,20% to 85% relative humidity with no condensation[cite: 4].,The text states that the ambient humidity level required for operating CRP industrial robots is 20~85%.,EN-00001-A1_Robot_Operation_Manual__1 p.12; CRP-RA09A-07_1 p.1; EN-00001-A1_Robot_Operation_Manual__1 p.14; EN-00001-A1_Robot_Operation_Manual__1 p.27; EN-00001-A1_Robot_Operation_Manual__1 p.19; EN-00014-A0_CRP-G4-CD60_Electric_Cabinet_Manual_ p.10,0.1481481481481481,"The optimal ambient humidity level for operating CRP industrial robots varies depending on the specific robot model and application. However, a general range of 40% to 60% relative humidity is generally recommended.

**Recommended Humidity Range:**

* **40% - 60%**: This range is ideal for most CRP industrial robots as it provides the best balance between lubrication and preventing moisture-related issues.
* **Below 40%**: Low humidity can cause lubrication problems, leading to increased friction and wear and tear on robot components.
* **Above 60%**: High humidity can lead to condensation on robot surfaces, which can interfere with precision and accuracy.

**Factors Affecting Humidity Requirements:**

* **Robot Model**: Different robot models have different humidity tolerances. Older models may be more susceptible to humidity issues than newer models.
* **Application**: Applications involving delicate components or sensitive materials may require a narrower humidity range.
* **Environmental Conditions**: Factors such as temperature, dust, and chemical fumes can influence humidity requirements.

**Additional Considerations:**

* **Humidity Fluctuations**: Fluctuations in humidity can cause instability and errors. It is recommended to have a stable humidity environment.
* **Humidity Control**: If the ambient humidity level is",20% to 85% relative humidity with no condensation[cite: 4].,0.0425531914893617,1.0,20% to 85% relative humidity with no condensation.,False,186,9,16,8,gana afinado,3
What stack command pushes current boolean status onto the PLC memory stack?,MPS[cite: 6].,"The text does not specify a stack command to push current boolean status onto the PLC memory stack, therefore I cannot answer the question.",PLC__User_Manual_final__v2 p.4; PLC__User_Manual_final__v2 p.2; PLC__User_Manual_final__v2 p.8; PLC__User_Manual_final__v2 p.5; PLC__User_Manual_final__v2 p.28; PLC__User_Manual_final__v2 p.40,0.0,"The answer is STSB (Store Boolean Status) command.

The STSB command is used to push the current boolean status onto the PLC memory stack.",The MRD stack command[cite: 6].,0.0,0.4444444444444444,MPS.,True,24,5,24,1,gana afinado,1
What safety sign classification indicates strictly forbidden operations?,"FORBID / Prohibition[cite: 3, 5].",The text states that the safety sign classification that indicates strictly forbidden operations is the FORBID sign.,EN-00001-A1_Robot_Operation_Manual__1 p.4; CRP_programming_instruction p.2; CRP_programming_instruction p.42; EN-00001-A1_Robot_Operation_Manual__1 p.13; CRP_programming_instruction p.5; EN-00014-A0_CRP-G4-CD60_Electric_Cabinet_Manual_ p.12,0.0909090909090909,"The answer is H (Danger).

H (Danger) safety sign classification indicates strictly forbidden operations.","FORBID / Prohibition[cite: 1, 3, 5].",0.0,0.9090909090909092,"FORBID / Prohibition[cite: 3, 5].",False,14,6,17,5,gana afinado,3
What command connects a normally open contact in series?,AND[cite: 6].,The text states that the AND command connects a normally open contact in series.,PLC__User_Manual_final__v2 p.4; PLC__User_Manual_final__v2 p.7; PLC__User_Manual_final__v2 p.3; PLC__User_Manual_final__v2 p.6; EN-00014-A0_CRP-G4-CD60_Electric_Cabinet_Manual_ p.25; EN-00014-A0_CRP-G4-CD60_Electric_Cabinet_Manual_ p.48,0.1176470588235294,"The answer is a switch.

A switch is a device that connects a normally open contact in series.",The AND command.,0.0,0.3333333333333333,AND.,False,18,3,14,1,gana afinado,2
How many ladder logic program steps are supported in the CD60-CRX8 software PLC?,"Up to 10,000 steps[cite: 6].","The text states that the program capacity of the CD60-CRX8 software PLC is 10,000 steps.",PLC__User_Manual_final__v2 p.3; PLC__User_Manual_final__v2 p.4; PLC__User_Manual_final__v2 p.39; PLC__User_Manual_final__v2 p.8; PLC__User_Manual_final__v2 p.2; EN-00014-A0_CRP-G4-CD60_Electric_Cabinet_Manual_ p.18,0.25,The CD60-CRX8 software PLC supports a maximum of 16 ladder logic program steps.,"Up to 10,000 steps[cite: 6].",0.0952380952380952,1.0,"Up to 10,000 steps.",False,13,5,15,4,gana afinado,2
What letter designation identifies timer elements in the software PLC?,T[cite: 6].,"The text does not specify the answer to the question, therefore I cannot answer the question.",PLC__User_Manual_final__v2 p.5; PLC__User_Manual_final__v2 p.6; CRP_programming_instruction p.12; PLC__User_Manual_final__v2 p.3; PLC__User_Manual_final__v2 p.39; PLC__User_Manual_final__v2 p.7,0.0,"The answer is T.

Timer elements are identified by the letter T in the software PLC.",T[cite: 6].,0.1052631578947368,1.0,T.,True,16,2,16,1,gana afinado,2
What does the OUT command execute in ladder logic?,"It drives a coil corresponding to output relays Y, internal relays M, timers T, or counters C[cite: 6].","The OUT command in ladder logic executes the relay coil output command. It can be used to control the output relay Y, M, T and C.",PLC__User_Manual_final__v2 p.3; PLC__User_Manual_final__v2 p.2; PLC__User_Manual_final__v2 p.4; CRP_programming_instruction p.70; PLC__User_Manual_final__v2 p.39; CRP_programming_instruction p.39,0.3111111111111111,"The OUT command in ladder logic is used to output a value to a device or to a bus. It is typically used to control hardware devices, such as motors, LEDs, or other peripherals.

The syntax of the OUT command is:

```
OUT [destination], [value]
```

where:

* **destination** is the address of the device or bus to which the output value will be sent.
* **value** is the value to be output to the destination.

For example, the following instruction will set the output of the motor driver to 10:

```
OUT MotorDriver, 10
```

In this instruction, the destination is the address of the motor driver, and the value is 10. This will cause the motor driver to output a voltage of 10 volts.",It drives a coil or output relay[cite: 6].,0.0431654676258992,0.5,"It drives a coil corresponding to output relays Y, internal relays M, timers T, or counters C.",False,126,8,26,17,gana afinado,2
How does a hollow-wrist design benefit arc welding torches?,"It allows welding cables and hoses to pass internally, preventing whipping, wear, and entanglement during motion.","The text does not describe the benefits of a hollow-wrist design for arc welding torches, therefore I cannot answer the question.",EN-00014-A0_CRP-G4-CD60_Electric_Cabinet_Manual_ p.11; CRP-Welding_Technology_Instruction_Manual p.2; CRP-Welding_Technology_Instruction_Manual p.4; CRP-Welding_Technology_Instruction_Manual p.6; CRP-Welding_Technology_Instruction_Manual p.3; CRP-Welding_Technology_Instruction_Manual p.1,0.0526315789473684,"Sure, here's how a hollow-wrist design benefits arc welding torches:

**1. Reduced Heat Concentration:**

* The hollow-wrist design allows for the dissipation of heat more effectively than a solid-wrist design. This is because the hollow wrist acts as a heat sink, drawing heat away from the torch tip and distributing it throughout the handle. This reduces the risk of hand fatigue and discomfort during extended welding sessions.

**2. Improved Heat Control:**

* The hollow wrist design also improves heat control by allowing for a more even distribution of heat throughout the handle. This is because the hollow wrist evenly distributes heat from the torch tip to the handle, reducing hot spots and uneven heating.

**3. Enhanced Maneuverability:**

* The hollow-wrist design provides improved maneuverability compared to solid-wrist designs. The lightweight hollow wrist is more agile and easier to maneuver, allowing for more precise and controlled movements.

**4. Reduced Weight:**

* The hollow-wrist design is lighter than solid-wrist designs, which makes it easier to wield the torch for extended periods. This is beneficial for welding in awkward positions or overhead welding.

**5. Reduced Fatigue:**

* By reducing heat concentration, heat control, and weight, the hollow",It allows the wrist to rotate 360° without cable entanglement[cite: 2].,0.0469483568075117,0.2857142857142857,"It allows welding cables and hoses to pass internally, preventing whipping, wear, and entanglement during motion.",True,194,11,21,16,gana afinado,2
What is the rated allowable torque for Axis 4 on CRP-RA light-load robots?,16.2 N·m[cite: 4].,"The text does not specify the rated allowable torque for Axis 4 on CRP-RA light-load robots, therefore I cannot answer the question.",EN-00001-A1_Robot_Operation_Manual__1 p.1; EN-00014-A0_CRP-G4-CD60_Electric_Cabinet_Manual_ p.49; CRP-RA09A-07_1 p.1; EN-00001-A1_Robot_Operation_Manual__1 p.2; EN-00014-A0_CRP-G4-CD60_Electric_Cabinet_Manual_ p.14; EN-00014-A0_CRP-G4-CD60_Electric_Cabinet_Manual_ p.10,0.0666666666666666,The rated allowable torque for Axis 4 on CRP-RA light-load robots is 1.2 Nm.,16.2 N·m[cite: 4].,0.0869565217391304,1.0,16.2 N·m.,True,14,3,22,2,gana afinado,3
What is the program capacity step count of the CD60-CRX8 PLC?,"10,000 steps[cite: 6].","The program capacity step count of the CD60-CRX8 PLC is 10,000 steps as stated in the text on page 3 of the PLC__User_Manual_final__v2 document.",PLC__User_Manual_final__v2 p.3; PLC__User_Manual_final__v2 p.39; PLC__User_Manual_final__v2 p.8; EN-00014-A0_CRP-G4-CD60_Electric_Cabinet_Manual_ p.18; PLC__User_Manual_final__v2 p.2; EN-00014-A0_CRP-G4-CD60_Electric_Cabinet_Manual_ p.50,0.1714285714285714,The CD60-CRX8 PLC has a program capacity of 64KB.,"10,000 steps[cite: 6].",0.0,1.0,"10,000 steps.",False,9,3,24,2,gana afinado,2
What board manages emergency stop dual safety loops?,The Safe Board[cite: 2].,The safety emergency stop board manages emergency stop dual safety loops. It adopts double safety relays with safety certifi cation and processes all emergency stop signals.,EN-00014-A0_CRP-G4-CD60_Electric_Cabinet_Manual_ p.19; EN-00014-A0_CRP-G4-CD60_Electric_Cabinet_Manual_ p.11; EN-00014-A0_CRP-G4-CD60_Electric_Cabinet_Manual_ p.12; EN-00014-A0_CRP-G4-CD60_Electric_Cabinet_Manual_ p.37; EN-00014-A0_CRP-G4-CD60_Electric_Cabinet_Manual_ p.36; EN-00014-A0_CRP-G4-CD60_Electric_Cabinet_Manual_ p.10,0.1290322580645161,The answer is the Emergency Stop (ES) board. The Emergency Stop (ES) board manages emergency stop dual safety loops.,The Safe Board[cite: 2].,0.1666666666666666,1.0,The Safe Board.,False,19,4,26,3,gana afinado,1
What execution period is assigned to the PLC engine?,10 ms per execution cycle[cite: 6].,"The text does not describe the execution period assigned to the PLC engine, therefore I cannot answer the question.",PLC__User_Manual_final__v2 p.3; PLC__User_Manual_final__v2 p.5; PLC__User_Manual_final__v2 p.40; PLC__User_Manual_final__v2 p.39; PLC__User_Manual_final__v2 p.22; PLC__User_Manual_final__v2 p.29,0.0769230769230769,The execution period assigned to the PLC engine is typically a fixed value defined by the hardware platform and is usually in the range of tens of milliseconds. This value determines the time interval between two consecutive executions of the PLC program.,10 ms[cite: 6].,0.0408163265306122,0.7272727272727273,10 ms per execution cycle.,True,42,3,19,5,gana afinado,1
What models belong to the CRP-RH series robots?,"Models such as RH14-10, RH18-20, and RH20-10[cite: 2].","The text does not specify the models of the CRP-RH series robots that are mentioned in the text, therefore I cannot answer the question.",EN-00014-A0_CRP-G4-CD60_Electric_Cabinet_Manual_ p.10; EN-00014-A0_CRP-G4-CD60_Electric_Cabinet_Manual_ p.1; EN-00001-A1_Robot_Operation_Manual__1 p.2; EN-00001-A1_Robot_Operation_Manual__1 p.1; EN-00014-A0_CRP-G4-CD60_Electric_Cabinet_Manual_ p.5; EN-00001-A1_Robot_Operation_Manual__1 p.12,0.054054054054054,"Sure, here is a list of models that belong to the CRP-RH series robots:

- CRP-RH2
- CRP-RH3
- CRP-RH5
- CRP-RH7","The CRP-RH series includes CRP-RH07A-08, CRP-RH09A-07, CRP-RH12A-08, and CRP-RH16A-08[cite: 4].",0.0571428571428571,0.125,"Models such as RH14-10, RH18-20, and RH20-10.",True,22,10,24,7,gana afinado,2
What power resistor absorbs regenerative energy during braking?,Braking resistance R1[cite: 2].,The text states that the braking resistance (R1) absorbs regenerative energy during braking.,EN-00014-A0_CRP-G4-CD60_Electric_Cabinet_Manual_ p.29; EN-00014-A0_CRP-G4-CD60_Electric_Cabinet_Manual_ p.30; EN-00014-A0_CRP-G4-CD60_Electric_Cabinet_Manual_ p.38; EN-00014-A0_CRP-G4-CD60_Electric_Cabinet_Manual_ p.10; EN-00014-A0_CRP-G4-CD60_Electric_Cabinet_Manual_ p.31; EN-00014-A0_CRP-G4-CD60_Electric_Cabinet_Manual_ p.8,0.3333333333333333,"The power resistor that absorbs regenerative energy during braking is called the regenerative resistor.

**Explanation:**

When a vehicle brakes, it decelerates and the kinetic energy stored in the vehicle's motion is converted into heat energy through friction. However, a significant portion of this energy is regenerative energy, which can be recovered and used to power the vehicle or other electrical components.

The regenerative resistor is a specially designed resistor that is connected in series with the battery during braking. As the vehicle decelerates, the kinetic energy is converted into electrical energy by the regenerative braking system. This electrical energy is then fed back into the battery through the regenerative resistor.

The regenerative resistor absorbs this energy and converts it into heat energy, which is dissipated through the vehicle's cooling system. The energy absorbed by the regenerative resistor is typically around 10-20% of the total braking energy.

**Benefits:**

* **Energy conservation:** Recovers energy that would otherwise be lost as heat.
* **Reduced brake wear and tear:** Less braking force is required, which reduces wear and tear on brakes.
* **Improved fuel efficiency:** The recovered energy can be used to power the vehicle or other electrical components, improving fuel efficiency.

**Examples:**

* Regenerative braking",The braking resistance R1[cite: 2].,0.0097087378640776,0.9090909090909092,Braking resistance R1.,False,202,5,13,3,gana afinado,1
What is the allowable torque for Axis 5 on CRP-RA light-load robots?,16.2 N·m[cite: 4].,"The text does not provide information about the allowable torque for Axis 5 on CRP-RA light-load robots, therefore I cannot answer the question.",EN-00001-A1_Robot_Operation_Manual__1 p.1; CRP-RA09A-07_1 p.1; EN-00014-A0_CRP-G4-CD60_Electric_Cabinet_Manual_ p.49; EN-00001-A1_Robot_Operation_Manual__1 p.2; EN-00001-A1_Robot_Operation_Manual__1 p.19; EN-00014-A0_CRP-G4-CD60_Electric_Cabinet_Manual_ p.10,0.0,The allowable torque for Axis 5 on CRP-RA light-load robots is 1.6 Nm.,16.2 N·m[cite: 4].,0.0,1.0,16.2 N·m.,True,13,3,23,2,gana afinado,3
How does a general timer in the PLC behave when its input condition is turned off?,"When the input condition turns off, the general timer count value resets to 0 and its contact opens.","According to source 1, when the input condition of a general timer is turned off, the timer count value will be set to 0, and the contact will also be turned off.",PLC__User_Manual_final__v2 p.6; PLC__User_Manual_final__v2 p.7; PLC__User_Manual_final__v2 p.5; CRP_programming_instruction p.12; CRP_programming_instruction p.22; PLC__User_Manual_final__v2 p.8,0.52,"**When the input condition of a general timer in a PLC is turned off, the timer will stop counting down.**

**Explanation:**

* A general timer is a hardware component in a PLC that counts down a specified number of clock cycles or milliseconds.
* The input condition of a general timer is typically connected to a logic input of the PLC.
* When the input condition is turned off, the timer's clock input is disconnected, and the timer stops counting.
* The timer will remain in a stopped state until the input condition is turned back on.

**Example:**

Consider a general timer with an input condition connected to a pushbutton. If the pushbutton is pressed, the timer starts counting down. If the pushbutton is released, the timer stops. When the timer reaches zero, it can trigger an output action, such as turning on a light.

**Behavior:**

* **Counting down:** When the input condition is on, the timer counts down according to its preset value.
* **Stopped:** When the input condition is turned off, the timer stops counting down and remains in a stopped state.
* **Reset:** The timer's counter resets to zero when the input condition is turned off.
* **Restart:**",Its count value resets to 0 and its output contact opens[cite: 6].,0.1032863849765258,0.5806451612903226,"When the input condition turns off, the general timer count value resets to 0 and its contact opens.",False,201,12,32,18,gana afinado,2
What command drives an output relay coil in PLC ladder diagrams?,OUT[cite: 6].,The text states that the OUT command drives an output relay coil in PLC ladder diagrams.,PLC__User_Manual_final__v2 p.3; PLC__User_Manual_final__v2 p.6; PLC__User_Manual_final__v2 p.4; PLC__User_Manual_final__v2 p.39; PLC__User_Manual_final__v2 p.5; CRP-Welding_Technology_Instruction_Manual p.1,0.1052631578947368,"The command that drives an output relay coil in PLC ladder diagrams is typically a **coil driver instruction**.

A coil driver instruction specifies the address of the output relay coil to be energized and the duration for which it should be energized. It is commonly represented by a symbol like ""R"" followed by the coil number, for example, ""R1"".

Here's a breakdown of the typical coil driver instruction syntax:

```
R[coil number] = [coil driver instruction]
```

**Example:**

```
R1 = 1
```

This instruction would energize relay coil R1 for a duration of 1.

**Note:**

* The specific syntax and commands used to drive output relays may vary depending on the PLC programming language and manufacturer.
* In some cases, the coil driver instruction may include additional parameters, such as the coil voltage or the number of pulses.
* The coil driver instruction is typically used in conjunction with other instructions to control the state of the output relay.",The OUT command[cite: 6].,0.0,0.7499999999999999,OUT.,False,160,4,16,1,gana afinado,2
What are the six main components of an industrial robot system listed in the manual?,"The components are: 1) Robot, 2) Electric control cabinet, 3) Teaching pendant, 4) Connecting cable, 5) Software, and 6) Other auxiliary equipment.","The text states that the six main components of an industrial robot system listed in the manual are:

1. Robot
2. Electric control cabinet
3. Teaching Pendant
4. Connecting cable
5. Software
6. Other auxiliary equipment",EN-00001-A1_Robot_Operation_Manual__1 p.19; EN-00001-A1_Robot_Operation_Manual__1 p.27; EN-00001-A1_Robot_Operation_Manual__1 p.11; CRP_programming_instruction p.1; EN-00001-A1_Robot_Operation_Manual__1 p.12; PLC__User_Manual_final__v2 p.5,0.7241379310344828,"Sure, here are the six main components of an industrial robot system listed in the manual:

1. **Robot Arm:** The robot arm is the main component of the robot that performs the desired tasks. It consists of a series of joints and actuators that allow the robot to move and manipulate objects.


2. **Control System:** The control system is responsible for managing the robot's movement and controlling its various functions. It includes the robot controller, sensors, and software.


3. **Sensors:** Sensors are used to gather data about the environment and provide feedback to the control system. They include tactile sensors, vision sensors, and proximity sensors.


4. **End-of-Arm Tooling:** The end-of-arm tooling is used to hold and manipulate objects. It includes grippers, clamps, and other tools that are attached to the robot arm at the end.


5. **Safety System:** The safety system is designed to prevent potential hazards associated with robot operation. It includes safety switches, interlocks, and other safety features.


6. **Integrated System:** The integrated system includes all the components of the robot system, such as the robot arm, control system, sensors, end-of-arm tooling, safety system, and software.","The six main components listed in the manual are the robot arm, electric control cabinet, teaching pendant, interconnecting cables, software, and auxiliary equipment[cite: 1].",0.1013824884792626,0.5531914893617023,"The components are: 1) Robot, 2) Electric control cabinet, 3) Teaching pendant, 4) Connecting cable, 5) Software, and 6) Other auxiliary equipment.",False,188,24,36,22,gana RAG,3
Why shouldn't operators wear gloves while teaching or inching the robot?,"Gloves reduce dexterity and can lead to accidental button presses or delayed emergency response[cite: 1, 3, 5].",The text states that operators should not wear gloves while teaching or inching the robot because it is important to be able to stop the robot quickly in an emergency.,EN-00001-A1_Robot_Operation_Manual__1 p.7; CRP_programming_instruction p.5; EN-00001-A1_Robot_Operation_Manual__1 p.6; CRP_programming_instruction p.4; EN-00014-A0_CRP-G4-CD60_Electric_Cabinet_Manual_ p.35; EN-00014-A0_CRP-G4-CD60_Electric_Cabinet_Manual_ p.39,0.125,This statement is incorrect. Operators should wear gloves while teaching or inching the robot to protect their hands from injury.,"Gloves reduce dexterity and can cause accidental button actuation or slow emergency stopping[cite: 1, 3, 5].",0.1052631578947368,0.7428571428571428,"Gloves reduce dexterity and can lead to accidental button presses or delayed emergency response[cite: 1, 3, 5].",False,20,16,30,17,gana afinado,3
What action must be taken before removing the emergency stop?,You should first remove the accident or cause that triggered the emergency stop before reconnecting the servo power supply.,"According to the text, the action that must be taken before removing the emergency stop is to first remove the accident causing the emergency stop and then connect the servo power supply.",EN-00001-A1_Robot_Operation_Manual__1 p.7; EN-00001-A1_Robot_Operation_Manual__1 p.5; CRP-Welding_Technology_Instruction_Manual p.3; EN-00014-A0_CRP-G4-CD60_Electric_Cabinet_Manual_ p.6; CRP_programming_instruction p.5; EN-00001-A1_Robot_Operation_Manual__1 p.45,0.4313725490196078,"The action that must be taken before removing the emergency stop depends on the specific context, but generally, the following steps should be taken:

**1. Ensure the immediate danger has been removed:** 
This includes removing any physical hazards that caused the emergency stop to be implemented in the first place. For example, if the emergency stop was pulled due to a fire, the fire must be extinguished before the emergency stop can be removed.

**2. Check for any damage:** 
Inspect the equipment or system to see if there has been any damage caused by the emergency stop. If there has been damage, it may need to be repaired before the emergency stop can be removed.

**3. Reset the emergency stop switch:** 
Some emergency stop switches have a reset switch that must be activated before the emergency stop can be removed. This is typically done by pressing the reset switch or flipping a reset switch switch.

**4. Document the emergency stop removal:** 
Once the above steps have been completed, document the emergency stop removal. This documentation should include the date, time, and any other relevant information.

**Additional considerations:**

* **If the emergency stop has been pulled due to a fault:** If the emergency stop was pulled due to a fault","Reset the emergency stop button and then re-engage it after fixing the problem[cite: 1, 3, 5].",0.079295154185022,0.2162162162162162,You should first remove the accident or cause that triggered the emergency stop before reconnecting the servo power supply.,False,209,16,32,19,gana RAG,4
What menu item provides access to math and calculation functions?,3 Arithmatic[cite: 3].,"The text does not describe a menu item that provides access to math and calculation functions, therefore I cannot answer the question.",EN-00001-A1_Robot_Operation_Manual__1 p.15; PLC__User_Manual_final__v2 p.29; EN-00001-A1_Robot_Operation_Manual__1 p.17; CRP_programming_instruction p.28; CRP_programming_instruction p.60; EN-00014-A0_CRP-G4-CD60_Electric_Cabinet_Manual_ p.19,0.0,"The answer is the ""Math"" menu item. It provides access to a variety of math and calculation functions, such as arithmetic, algebra, geometry, trigonometry, and calculus.",3 Arithmatic[cite: 3].,0.0,1.0,3 Arithmatic.,True,26,3,22,2,gana afinado,4
Which cable interface designation is used for power motor cable connection?,The X2 motor cable interface.,"The text states that the motor cable connection is made through the X70 (7-axis) and X80 (8-axis, if any) terminals of CDK □. Therefore, the answer is X70 and X80.",EN-00014-A0_CRP-G4-CD60_Electric_Cabinet_Manual_ p.9; EN-00001-A1_Robot_Operation_Manual__1 p.14; EN-00014-A0_CRP-G4-CD60_Electric_Cabinet_Manual_ p.13; EN-00014-A0_CRP-G4-CD60_Electric_Cabinet_Manual_ p.50; EN-00014-A0_CRP-G4-CD60_Electric_Cabinet_Manual_ p.25; EN-00014-A0_CRP-G4-CD60_Electric_Cabinet_Manual_ p.20,0.1666666666666666,"The answer is NEMA 511.

NEMA 511 is the cable interface designation used for power motor cable connection.",The X1 motor cable interface[cite: 2].,0.2608695652173913,0.6666666666666666,The X2 motor cable interface.,False,18,6,30,5,gana afinado,2
What structural feature on the robot body helps users secure external cables and tooling?,Multiple user bracket installation platforms set on the body[cite: 4].,The text does not describe the structural feature on the robot body that helps users secure external cables and tooling. Therefore I cannot answer the question.,CRP-RA09A-07_1 p.1; EN-00014-A0_CRP-G4-CD60_Electric_Cabinet_Manual_ p.10; EN-00001-A1_Robot_Operation_Manual__1 p.14; EN-00001-A1_Robot_Operation_Manual__1 p.13; CRP-Welding_Technology_Instruction_Manual p.5; CRP-Welding_Technology_Instruction_Manual p.2,0.1621621621621621,"The answer is tether points.

Tether points are structural features on a robot body that are used to securely attach external cables and tooling. These points are typically located on the robot's frame or chassis and are designed to withstand the forces of pulling and tugging associated with cable and tooling attachment.",The built-in cable management arm[cite: 2].,0.0625,0.2105263157894737,Multiple user bracket installation platforms set on the body.,True,52,6,26,9,empate,4
What main switch disconnects mains power on the G4 cabinet panel?,Main switch QS1[cite: 2].,"The text does not describe the main switch that disconnects mains power on the G4 cabinet panel, therefore I cannot answer the question.",EN-00014-A0_CRP-G4-CD60_Electric_Cabinet_Manual_ p.16; EN-00014-A0_CRP-G4-CD60_Electric_Cabinet_Manual_ p.34; EN-00014-A0_CRP-G4-CD60_Electric_Cabinet_Manual_ p.11; EN-00014-A0_CRP-G4-CD60_Electric_Cabinet_Manual_ p.17; EN-00014-A0_CRP-G4-CD60_Electric_Cabinet_Manual_ p.52; EN-00014-A0_CRP-G4-CD60_Electric_Cabinet_Manual_ p.15,0.1428571428571428,The main switch that disconnects mains power on the G4 cabinet panel is typically the main switch located on the front panel of the cabinet.,Main switch QS1[cite: 2].,0.1333333333333333,1.0,Main switch QS1.,True,25,4,23,3,gana afinado,1
What PLC command latches a target output or relay ON?,SET[cite: 6].,The text states that the OUT command latches a target output or relay ON.,PLC__User_Manual_final__v2 p.6; PLC__User_Manual_final__v2 p.3; PLC__User_Manual_final__v2 p.5; CRP_programming_instruction p.22; PLC__User_Manual_final__v2 p.4; PLC__User_Manual_final__v2 p.8,0.0,The answer is:  **SET OUTPUT** command latches a target output or relay ON.,SET[cite: 6].,0.125,1.0,SET.,False,13,2,14,1,gana afinado,2
What roles do T and C components play in software PLC logic?,T defines system timers and C defines system counters[cite: 6].,"The text does not describe the roles of T and C components in software PLC logic, therefore I cannot answer the question.",PLC__User_Manual_final__v2 p.5; PLC__User_Manual_final__v2 p.4; PLC__User_Manual_final__v2 p.3; PLC__User_Manual_final__v2 p.6; PLC__User_Manual_final__v2 p.39; PLC__User_Manual_final__v2 p.2,0.1818181818181818,"Sure, T and C components play key roles in software PLC logic:

**T Components:**

* **Timer:** T components are used to introduce time delays or perform timed operations. They store the time value and trigger an action after a specific time interval.
* **Counters:** T components can also be used to count up or down from a certain value. They increment or decrement a counter on each clock cycle until the desired count is reached.
* **Sequencer:** T components are used to sequence a series of operations in a specific order. They control the timing of different events and can be used to implement complex control sequences.

**C Components:**

* **Comparators:** C components compare two values and generate an output signal when the values are equal. They are commonly used for decision-making and control logic.
* **Logical Gates:** C components perform logical operations such as AND, OR, NOT, etc. They are used to combine multiple inputs into a single output based on logical relationships.
* **Registers:** C components store data for later use in the logic. They can be used to store temporary values, intermediate calculations, or control signals.
* **Arithmetic Components:** C components perform arithmetic operations such as addition, subtraction, multiplication, etc",T represents timers and C represents counters[cite: 6].,0.0384615384615384,0.7000000000000001,T defines system timers and C defines system counters.,True,203,8,22,9,gana afinado,1
How is a timer's target duration specified in PLC ladder programs?,Using the constant K followed by a decimal number from 1 to 9999[cite: 6].,The text states that the target duration of a timer in a PLC ladder program is specified by the K value. The K value is a decimal number that can be in the range of 1 to 9999.,PLC__User_Manual_final__v2 p.6; CRP_programming_instruction p.12; PLC__User_Manual_final__v2 p.3; PLC__User_Manual_final__v2 p.39; PLC__User_Manual_final__v2 p.7; PLC__User_Manual_final__v2 p.5,0.3018867924528302,"In a PLC ladder program, a timer's target duration is typically specified using one of the following methods:

**1. Direct Numerical Value:**

- Specify the desired time value directly in the timer instruction. For example:

```
Timer 100 // Sets timer 1 to count up to 100 milliseconds
```

**2. Timer Constant:**

- Define a constant with the target duration and use that constant in the timer instruction. For example:

```
Const TimerDuration = 200 // Defines a constant for 200 milliseconds
Timer 1, TimerDuration // Sets timer 1 to count up to the TimerDuration constant
```

**3. Timer Function:**

- Use a timer function to calculate the target duration dynamically based on other variables or inputs. For example:

```
Function TimerDuration() As Integer
  TimerDuration = 500 + 2 * InputValue // Calculates the duration based on input value and sets the timer
End Function

Timer 1, TimerDuration // Sets timer 1 to the duration calculated in the function
```

**Additional Notes:**

- The units of time for the target duration depend on the PLC system and hardware",By setting the constant K with a decimal value between 1 and 9999[cite: 6].,0.0685714285714285,0.6,Using the constant K followed by a decimal number from 1 to 9999.,False,178,14,38,13,gana afinado,2
What component identifier is used for internal logical relays in the PLC?,M[cite: 6].,The text states that the component identifier used for internal logical relays in the PLC is M.,PLC__User_Manual_final__v2 p.6; PLC__User_Manual_final__v2 p.5; PLC__User_Manual_final__v2 p.3; CRP_programming_instruction p.10; PLC__User_Manual_final__v2 p.4; PLC__User_Manual_final__v2 p.39,0.1,"The component identifier used for internal logical relays in a PLC can vary depending on the specific PLC model and programming language used. However, there are two common ways to identify internal logical relays in a PLC program:

**1. Address Space:**

- In many PLCs, internal logical relays are assigned addresses within a specific address space, often separate from the address space used for input and output modules. This address space is sometimes called the ""internal relay address space."" The address of an internal relay can be used to identify it.

**2. Symbolic Names:**

- Some PLCs allow programmers to assign symbolic names to internal logical relays. These names can be used instead of the actual addresses to identify the relays. The symbolic names are often chosen to describe the function of the relay, such as ""Control Relay"" or ""Motor Relay.""

**Examples:**

**Allen-Bradley PLC:**

- In the Allen-Bradley PLC programming language (Logix Designer), internal logical relays are identified by their addresses in the ""R"" file. For example, ""R10"" would represent the internal relay with address 10.

**Siemens PLC:**

- In the Siemens PLC programming language (SIMATIC WinCC), internal logical relays are typically identified by their",M[cite: 6].,0.0,1.0,M.,False,195,2,17,1,gana afinado,2
What command marks the logical end of the PLC program execution?,END[cite: 6].,The text states that the END command marks the logical end of the PLC program execution.,PLC__User_Manual_final__v2 p.3; PLC__User_Manual_final__v2 p.5; EN-00001-A1_Robot_Operation_Manual__1 p.34; PLC__User_Manual_final__v2 p.40; PLC__User_Manual_final__v2 p.4; PLC__User_Manual_final__v2 p.39,0.1052631578947368,"The answer is:  STOP instruction.

The STOP instruction marks the logical end of the PLC program execution.",END[cite: 6].,0.1,1.0,END.,False,17,2,16,1,gana afinado,2
What command connects a normally closed contact to the bus line in PLC code?,LDI[cite: 6].,The text states that the LDI command connects a normally closed contact to the bus line in PLC code.,PLC__User_Manual_final__v2 p.4; PLC__User_Manual_final__v2 p.7; CRP-Welding_Technology_Instruction_Manual p.1; PLC__User_Manual_final__v2 p.40; PLC__User_Manual_final__v2 p.39; PLC__User_Manual_final__v2 p.6,0.0909090909090909,"The answer is:

**Coil On** command.

The Coil On command is used to connect a normally closed contact to the bus line.",LD[cite: 6].,0.0,0.6666666666666666,LDI.,False,22,2,19,1,gana afinado,2
What command clears a latched relay coil state to OFF?,RST[cite: 6].,"The text does not describe a command to clear a latched relay coil state to OFF, therefore I cannot answer the question.",PLC__User_Manual_final__v2 p.6; PLC__User_Manual_final__v2 p.4; PLC__User_Manual_final__v2 p.3; PLC__User_Manual_final__v2 p.19; EN-00014-A0_CRP-G4-CD60_Electric_Cabinet_Manual_ p.46; PLC__User_Manual_final__v2 p.5,0.0,"The command to clear a latched relay coil state to OFF depends on the specific relay module or controller you're using. Here are some general options:

**Common commands:**

* **Relay module:**
    * **Set coil voltage to 0:** This will remove the voltage from the coil, causing the relay to revert to its default state of OFF. This can be achieved using commands like `set coil 0` or `clear coil` depending on the module documentation.
    * **Write a logic low to the coil pin:** If the relay module uses a specific pin to control the coil, writing a logic low to that pin will clear the latch. This can be achieved using commands like `gpio write 0` or `digitalWrite 0` depending on the platform you're using.

**Specific examples:**

* **Arduino:**
    * To clear a latched relay coil, you can use the `digitalWrite(pin, LOW)` function, where `pin` is the pin number connected to the relay coil.

* **Raspberry Pi:**
    * To clear a latched relay coil, you can use the `gpiozero` library and call the `gpiozero.output(pin, False)` function, where `pin",RST[cite: 6].,0.0,1.0,RST.,True,178,2,22,1,gana afinado,2
What does the MRD command do in PLC programming?,It reads the logic result from the stack memory without popping it (Read-stack)[cite: 6].,"The text does not explain the function of the MRD command in PLC programming, therefore I cannot answer the question.",PLC__User_Manual_final__v2 p.4; PLC__User_Manual_final__v2 p.5; PLC__User_Manual_final__v2 p.3; PLC__User_Manual_final__v2 p.39; PLC__User_Manual_final__v2 p.40; CRP-Welding_Technology_Instruction_Manual p.5,0.1111111111111111,"The MRD command in PLC programming stands for Move Register to Destination. It is used to move the contents of a register to a different destination.

**Syntax:**

```
MRD <destination register>, <source register>
```

**Parameters:**

* **<destination register:** The destination register where the data from the source register will be moved.
* **<source register:** The source register containing the data to be moved.

**Example:**

```
MRD R10, R5
```

This instruction moves the contents of register R5 to register R10.

**Purpose:**

* To move data between registers.
* To copy data from one register to another.
* To transfer data between different parts of the PLC system.

**Notes:**

* The destination register must be of the same size as the source register.
* The data type of the registers must be compatible.
* The MRD command is commonly used in conjunction with other instructions, such as ADD, SUB, and MOV, to perform various operations on data.
* The MRD command is available in most PLC programming languages, including Ladder Logic, Structured Text, and Function Block Diagram.",It pops the logic result out of the stack memory (Out-stack)[cite: 6].,0.0446927374301675,0.6666666666666666,It reads the logic result from the stack memory without popping it (Read-stack).,True,176,12,20,13,gana afinado,2
What is the maximum speed of axis 6 on the CRP-RA07A-08 robot?,The maximum speed of axis 6 is 698 °/s.,"The text does not contain information about the maximum speed of axis 6 on the CRP-RA07A-08 robot, therefore I cannot answer this question.",CRP-RA09A-07_1 p.1; EN-00014-A0_CRP-G4-CD60_Electric_Cabinet_Manual_ p.50; EN-00014-A0_CRP-G4-CD60_Electric_Cabinet_Manual_ p.19; EN-00014-A0_CRP-G4-CD60_Electric_Cabinet_Manual_ p.49; CRP-Welding_Technology_Instruction_Manual p.5; EN-00001-A1_Robot_Operation_Manual__1 p.30,0.3529411764705882,The maximum speed of axis 6 on the CRP-RA07A-08 robot is 180 deg/s.,698 °/s[cite: 4].,0.64,0.3076923076923076,The maximum speed of axis 6 is 698 °/s.,True,13,3,23,9,empate,4
"In PLC instruction logic, what is the LDI command used for?",It connects a normally closed contact directly to the left bus line.,The LDI command is used to connect the contacts and coils of each relay vertically (usually for branching).,PLC__User_Manual_final__v2 p.4; PLC__User_Manual_final__v2 p.2; PLC__User_Manual_final__v2 p.5; PLC__User_Manual_final__v2 p.3; CRP_programming_instruction p.70; CRP-Welding_Technology_Instruction_Manual p.1,0.1333333333333333,The LDI command in PLC instruction logic is used to load an immediate value directly into a register.,It connects a normally open contact to the main bus line[cite: 6].,0.0666666666666666,0.7199999999999999,It connects a normally closed contact directly to the left bus line.,False,18,12,18,12,gana afinado,3
What command connects a normally open contact in parallel in PLC logic?,The OR command[cite: 6].,The text states that the ORB command connects a normally open contact in parallel in PLC logic.,PLC__User_Manual_final__v2 p.4; PLC__User_Manual_final__v2 p.7; CRP-Welding_Technology_Instruction_Manual p.1; PLC__User_Manual_final__v2 p.40; PLC__User_Manual_final__v2 p.39; EN-00014-A0_CRP-G4-CD60_Electric_Cabinet_Manual_ p.25,0.1818181818181818,The answer is a NO (Normally Open) contact in parallel is connected using the OR logic gate.,The ORI command[cite: 6].,0.1818181818181818,0.8000000000000002,The OR command.,False,17,4,17,3,gana afinado,3
Which instruction menu category includes mathematical variable calculations?,3 Arithmatic[cite: 3].,"The text describes various instruction menu categories, but it does not specify the category that includes mathematical variable calculations. Therefore I cannot answer the question.",CRP_programming_instruction p.28; CRP_programming_instruction p.36; CRP_programming_instruction p.38; CRP_programming_instruction p.26; CRP_programming_instruction p.12; CRP_programming_instruction p.29,0.0,"The answer is ""Arithmetic and Algebra"".

Mathematical variable calculations are included in the ""Arithmetic and Algebra"" instruction menu category.",3 Arithmatic[cite: 3].,0.0,1.0,3 Arithmatic.,True,19,3,25,2,gana afinado,1
What must be ensured regarding human presence when conducting a test run of a robot?,"Ensure nobody is inside the robot movement region and the operator is in a safe position[cite: 1, 3, 5].","The text states that when conducting a test run of a robot, the following must be ensured regarding human presence:

- No abnormal or dangerous situation of robot and auxiliary equipment occurs.
- Unplug the power or press emergency stop button before entering the operation region, even if the robot is not running.
- When programming within the movement region of robot, the corresponding guard should be set to make sure that the robot can be stopped under emergency circumstances.",CRP-Welding_Technology_Instruction_Manual p.2; CRP_programming_instruction p.72; CRP_programming_instruction p.71; EN-00001-A1_Robot_Operation_Manual__1 p.13; EN-00001-A1_Robot_Operation_Manual__1 p.6; EN-00001-A1_Robot_Operation_Manual__1 p.7,0.1030927835051546,"**Ensuring Human Presence During Robot Test Run:**

**1. Safety Precautions:**
- Ensure that there are no hazards or risks associated with the robot's movement or operation in the test environment.
- Designate a safe test area and establish clear boundaries to prevent injuries or damage to property.
- Implement safety measures such as barriers, safety cages, or appropriate safeguards to contain the robot's movement.

**2. Human Supervision:**
- Have a human supervisor present during the test run to monitor the robot's behavior and intervene if necessary.
- The supervisor should be trained on the robot's operation and have a clear understanding of its capabilities and limitations.

**3. Communication and Control:**
- Establish clear communication channels between the robot operator and the supervisor.
- Ensure that the operator has the necessary controls and interfaces to interact with the robot remotely.

**4. Data Collection:**
- Set up data collection systems to record robot performance metrics, such as position, velocity, and sensor readings.
- Human observers can collect data on the robot's behavior and any anomalies that may occur.

**5. Emergency Response:**
- Designate an emergency response plan in case of unexpected events or malfunctions.
- Train the","Ensure that no person is inside the robot's movement zone and that all personnel are stationed outside the robot's reach[cite: 1, 3, 5].",0.0861244019138756,0.5217391304347826,"Ensure nobody is inside the robot movement region and the operator is in a safe position[cite: 1, 3, 5].",False,195,23,80,19,gana afinado,3
How are user interface selections denoted in instruction text?,"Enclosed in square brackets `[ ]`[cite: 3, 5].","The text states that user interface selections are denoted by the marks ""<>"" for physical keys and ""【 】"" for screen keys.",EN-00001-A1_Robot_Operation_Manual__1 p.8; EN-00001-A1_Robot_Operation_Manual__1 p.24; CRP-Welding_Technology_Instruction_Manual p.2; EN-00001-A1_Robot_Operation_Manual__1 p.38; EN-00014-A0_CRP-G4-CD60_Electric_Cabinet_Manual_ p.12; CRP_programming_instruction p.49,0.0,"**User Interface Selections are denoted in instruction text using the following symbols:**

**1. Parentheses:**
- Parentheses are used to denote optional selections or choices within a list or menu item. For example:

> Select item A, B, or (C) for further instructions.

**2. Square brackets:**
- Square brackets are used to denote optional elements or sections that can be skipped. For example:

> Select item A, B, or [C] for additional options.

**3. Asterisk:**
- An asterisk (*) is used to indicate a default selection or the most commonly chosen option. For example:

> Select item A, B, or C. The default selection is A*.

**4. Underline:**
- Underline is used to denote the selected item or the item that is currently highlighted. For example:

> Select item A, B, or _C_.

**5. Bold font:**
- Bold font is sometimes used to highlight the selected item or the item that is currently being focused on. For example:

> Select item **A**, B, or C.

**Example:**

> You have the following options:
>
> - Option A
> - Option","Enclosed in square brackets `【Key】`[cite: 3, 5].",0.059171597633136,0.9333333333333332,"Enclosed in square brackets `[ ]`[cite: 3, 5].",False,179,7,22,8,gana afinado,4
Which physical key on the pendant pauses an active program?,The Pause button (`<||>`).,"The text does not describe the key that pauses an active program, therefore I cannot answer the question.",EN-00001-A1_Robot_Operation_Manual__1 p.17; EN-00014-A0_CRP-G4-CD60_Electric_Cabinet_Manual_ p.32; EN-00001-A1_Robot_Operation_Manual__1 p.29; EN-00001-A1_Robot_Operation_Manual__1 p.15; EN-00001-A1_Robot_Operation_Manual__1 p.30; EN-00001-A1_Robot_Operation_Manual__1 p.34,0.0952380952380952,The answer is the pause key. The pause key is a physical key on the pendant that pauses an active program.,The Pause button (`<||>`).,0.1666666666666666,1.0,The Pause button (`<||>`).,True,21,4,18,4,gana afinado,2
What ambient relative humidity range is required for CRP industrial robots?,Relative humidity between 20% and 85% with no condensation.,The text states that the required ambient relative humidity range for CRP industrial robots is 20~85%.,CRP-RA09A-07_1 p.1; EN-00001-A1_Robot_Operation_Manual__1 p.12; EN-00001-A1_Robot_Operation_Manual__1 p.14; EN-00001-A1_Robot_Operation_Manual__1 p.19; EN-00001-A1_Robot_Operation_Manual__1 p.27; EN-00014-A0_CRP-G4-CD60_Electric_Cabinet_Manual_ p.10,0.3076923076923076,"The optimal ambient relative humidity range for CRP industrial robots typically falls within the range of **20% to 70%**.

**Recommended Range:**

* **20% - 50%**: This range is ideal for most CRP industrial robots, as it ensures optimal performance and minimizes the risk of condensation or dry air issues.
* **50% - 70%**: This range can be acceptable in some cases, but it may lead to increased condensation or lubrication problems.

**Extreme Limits:**

* **Below 20%**: Dry air can cause lubrication problems and damage to sensitive electronics.
* **Above 70%**: High humidity can lead to condensation, which can contaminate sensors and interfere with operation.

**Additional Considerations:**

* **Robot Location:** The humidity requirements may vary slightly depending on the location of the robot. For example, robots in humid environments may require slightly higher humidity levels.
* **Robot Components:** Some robot components, such as motors and electronics, may have specific humidity requirements.
* **Process Requirements:** If the robot is used in a process with specific humidity requirements, such as electronics manufacturing, the ambient humidity may need to be controlled more precisely.

**Note:** It's important",20% to 85% relative humidity with no condensation[cite: 4].,0.0546448087431694,0.5263157894736842,Relative humidity between 20% and 85% with no condensation.,False,182,9,16,9,gana afinado,3
Which frame of reference defines movement relative to a custom fixture or workpiece?,The User Coordinate System.,"The text states that the workpiece coordinate system is defined by the origin ""ORG"" of the user (workpiece) coordinate system and the X and Y axes are determined by the ""XX direction"" and ""YY direction"" selections. Therefore, the frame of reference that defines movement relative to a custom fixture or workpiece is the workpiece coordinate system.",EN-00001-A1_Robot_Operation_Manual__1 p.25; CRP-Welding_Technology_Instruction_Manual p.3; CRP-Welding_Technology_Instruction_Manual p.4; CRP-Welding_Technology_Instruction_Manual p.2; CRP-Welding_Technology_Instruction_Manual p.7; CRP-RA09A-07_1 p.1,0.1333333333333333,"The answer is the workpiece frame of reference.

The workpiece frame of reference is the frame of reference that defines movement relative to a custom fixture or workpiece.",The User Coordinate System[cite: 1].,0.0625,0.8,The User Coordinate System.,False,28,5,56,4,gana afinado,3
What is the maximum speed capability of Axis 2 on the CRP-RA07A-08?,310 °/s[cite: 4].,"The text does not contain information about the maximum speed capability of Axis 2 on the CRP-RA07A-08, therefore I cannot answer the question.",CRP-RA09A-07_1 p.1; EN-00014-A0_CRP-G4-CD60_Electric_Cabinet_Manual_ p.50; EN-00014-A0_CRP-G4-CD60_Electric_Cabinet_Manual_ p.49; CRP_programming_instruction p.10; EN-00014-A0_CRP-G4-CD60_Electric_Cabinet_Manual_ p.19; PLC__User_Manual_final__v2 p.21,0.0,The Axis 2 on the CRP-RA07A-08 has a maximum speed capability of 2.5 Gbps.,440 °/s[cite: 4].,0.0,0.75,310 °/s.,True,14,3,23,2,gana afinado,4
What stack command pushes operational logic into memory stack?,MPS[cite: 6].,"The text does not describe the stack command that pushes operational logic into the memory stack, therefore I cannot answer the question.",PLC__User_Manual_final__v2 p.4; PLC__User_Manual_final__v2 p.2; CRP_programming_instruction p.70; CRP_programming_instruction p.46; EN-00001-A1_Robot_Operation_Manual__1 p.38; CRP_programming_instruction p.6,0.0,"The answer is ""dup"".

The DUP command pushes the duplicated value of the top element of the stack onto the stack.",The `( )` command[cite: 6].,0.0,0.5714285714285715,MPS.,True,21,5,22,1,gana afinado,3
What standard corresponds to the Safety Code for Industrial Robots in China?,GB 11291-1997 (equivalent to ISO 10218:1992).,"The text does not contain information about the safety code for industrial robots in China, therefore I cannot answer the question.",EN-00014-A0_CRP-G4-CD60_Electric_Cabinet_Manual_ p.5; EN-00001-A1_Robot_Operation_Manual__1 p.12; EN-00001-A1_Robot_Operation_Manual__1 p.27; EN-00001-A1_Robot_Operation_Manual__1 p.13; EN-00001-A1_Robot_Operation_Manual__1 p.30; EN-00014-A0_CRP-G4-CD60_Electric_Cabinet_Manual_ p.10,0.0,The Safety Code for Industrial Robots in China follows the GB/T 28282 standard.,GB 11291-1997 (equivalent to ISO 10218:1992)[cite: 5].,0.0909090909090909,0.888888888888889,GB 11291-1997 (equivalent to ISO 10218:1992).,True,13,7,21,6,gana afinado,2
What is the maximum speed of Axis 3 on the CRP-RA07A-08 robot?,410 °/s[cite: 4].,"The text does not contain information about the maximum speed of Axis 3 on the CRP-RA07A-08 robot, therefore I cannot answer the question.",CRP-RA09A-07_1 p.1; EN-00014-A0_CRP-G4-CD60_Electric_Cabinet_Manual_ p.50; EN-00014-A0_CRP-G4-CD60_Electric_Cabinet_Manual_ p.19; EN-00014-A0_CRP-G4-CD60_Electric_Cabinet_Manual_ p.49; PLC__User_Manual_final__v2 p.21; EN-00001-A1_Robot_Operation_Manual__1 p.30,0.0,The maximum speed of Axis 3 on the CRP-RA07A-08 robot is 0.6 m/s (1.8 km/h).,698 °/s[cite: 4].,0.08,0.75,410 °/s.,True,15,3,23,2,gana afinado,4
What label designates the main disconnect switch on the cabinet?,Main switch QS1[cite: 2].,"The text does not describe the label for the main disconnect switch on the cabinet, therefore I cannot answer the question.",EN-00014-A0_CRP-G4-CD60_Electric_Cabinet_Manual_ p.16; EN-00014-A0_CRP-G4-CD60_Electric_Cabinet_Manual_ p.18; EN-00014-A0_CRP-G4-CD60_Electric_Cabinet_Manual_ p.36; EN-00014-A0_CRP-G4-CD60_Electric_Cabinet_Manual_ p.17; EN-00014-A0_CRP-G4-CD60_Electric_Cabinet_Manual_ p.34; EN-00014-A0_CRP-G4-CD60_Electric_Cabinet_Manual_ p.10,0.1538461538461538,"The answer is ""Main Switch"".

The main disconnect switch on the cabinet is labeled as ""Main Switch"".",Main switch QS1[cite: 2].,0.1818181818181818,1.0,Main switch QS1.,True,17,4,21,3,gana afinado,1
What instruction pops saved logic states off the PLC stack memory?,MPP[cite: 6].,"The text does not describe an instruction that pops saved logic states off the PLC stack memory, therefore I cannot answer the question.",PLC__User_Manual_final__v2 p.4; PLC__User_Manual_final__v2 p.40; CRP-Welding_Technology_Instruction_Manual p.1; CRP_programming_instruction p.70; PLC__User_Manual_final__v2 p.3; PLC__User_Manual_final__v2 p.22,0.0,"The answer is POP instruction.

The POP instruction is used to pop the saved logic states off the PLC stack memory.",MPP[cite: 6].,0.0,1.0,MPP.,True,21,2,23,1,gana afinado,3
Which component in the electrical cabinet dissipates braking power?,The braking resistance R1[cite: 2].,"The text does not describe the component in the electrical cabinet that dissipates braking power, therefore I cannot answer the question.",EN-00014-A0_CRP-G4-CD60_Electric_Cabinet_Manual_ p.31; EN-00014-A0_CRP-G4-CD60_Electric_Cabinet_Manual_ p.15; EN-00014-A0_CRP-G4-CD60_Electric_Cabinet_Manual_ p.11; EN-00014-A0_CRP-G4-CD60_Electric_Cabinet_Manual_ p.18; EN-00014-A0_CRP-G4-CD60_Electric_Cabinet_Manual_ p.50; PLC__User_Manual_final__v2 p.5,0.1481481481481481,"The answer is the resistor bank.

The resistor bank is used to dissipate braking power. When the brakes are applied, the kinetic energy of the vehicle is converted into heat energy through the resistors in the resistor bank.",The braking resistor R1.,0.0909090909090909,0.6,The braking resistance R1.,True,38,4,21,4,gana afinado,2
In what positions can the CRP-RA series robots be mounted?,They can be floor-mounted or ceiling-mounted (upside down).,"The text does not describe the positions in which the CRP-RA series robots can be mounted, therefore I cannot answer the question.",EN-00014-A0_CRP-G4-CD60_Electric_Cabinet_Manual_ p.10; EN-00001-A1_Robot_Operation_Manual__1 p.2; EN-00001-A1_Robot_Operation_Manual__1 p.1; EN-00014-A0_CRP-G4-CD60_Electric_Cabinet_Manual_ p.1; EN-00001-A1_Robot_Operation_Manual__1 p.12; EN-00001-A1_Robot_Operation_Manual__1 p.18,0.1818181818181818,"The CRP-RA series robots can be mounted in a variety of positions, including:

* **Wall-mounted:** The CRP-RA robots can be mounted on walls using the included mounting brackets. This is the most common mounting position for these robots.
* **Ceiling-mounted:** The CRP-RA robots can also be mounted on ceilings using the optional ceiling mount kit.
* **Table-mounted:** The CRP-RA robots can be mounted on tables using the optional table mount kit.
* **Floor-mounted:** The CRP-RA robots can be mounted on the floor using the optional floor stand kit.

It is important to note that the specific mounting position will depend on the specific application and the desired functionality. For example, if the robot is to be used for pick-and-place tasks, it may be best to mount it on a wall or ceiling. If the robot is to be used for inspection tasks, it may be best to mount it on a table or floor stand.","They can be mounted upside down, facing up[cite: 4].",0.0697674418604651,0.6,They can be floor-mounted or ceiling-mounted (upside down).,True,155,9,22,8,gana afinado,2
What is the maximum reaching distance for the CRP-RA09A-07 robot?,916 mm[cite: 4].,"The text does not contain information about the maximum reaching distance of the CRP-RA09A-07 robot, therefore I cannot answer the question.",CRP-RA09A-07_1 p.1; CRP-Welding_Technology_Instruction_Manual p.2; EN-00001-A1_Robot_Operation_Manual__1 p.19; EN-00001-A1_Robot_Operation_Manual__1 p.2; EN-00001-A1_Robot_Operation_Manual__1 p.14; EN-00001-A1_Robot_Operation_Manual__1 p.18,0.0,The CRP-RA09A-07 robot has a maximum reaching distance of 400 mm.,916 mm[cite: 4].,0.1176470588235294,1.0,916 mm.,True,11,3,21,2,gana afinado,3
Which command connects a normally open contact in series?,The AND command[cite: 6].,The text states that the AND command connects a normally open contact in series.,PLC__User_Manual_final__v2 p.4; PLC__User_Manual_final__v2 p.7; PLC__User_Manual_final__v2 p.3; PLC__User_Manual_final__v2 p.6; EN-00014-A0_CRP-G4-CD60_Electric_Cabinet_Manual_ p.25; PLC__User_Manual_final__v2 p.5,0.3157894736842105,"The answer is a switch in series.

A switch in series is used to connect a normally open contact in series.",The AND command[cite: 6].,0.0769230769230769,1.0,The AND command.,False,21,4,14,3,gana afinado,2
What is the time resolution unit of a 10ms timer in the CRP PLC?,10 milliseconds per count unit[cite: 6].,"The text does not describe the time resolution unit of a 10ms timer in the CRP PLC, therefore I cannot answer the question.",PLC__User_Manual_final__v2 p.5; PLC__User_Manual_final__v2 p.6; PLC__User_Manual_final__v2 p.7; CRP_programming_instruction p.12; EN-00014-A0_CRP-G4-CD60_Electric_Cabinet_Manual_ p.18; PLC__User_Manual_final__v2 p.3,0.0666666666666666,The time resolution unit of a 10ms timer in the CRP PLC is milliseconds (ms).,The 10ms timer counts up from 1 to 999 in multiples of 10ms[cite: 6].,0.0909090909090909,0.1818181818181818,10 milliseconds per count unit.,True,15,14,23,5,gana afinado,3
What stack command pops operational logic from memory stack?,MPP[cite: 6].,"The text does not describe a stack command to pop operational logic from the memory stack, therefore I cannot answer the question.",PLC__User_Manual_final__v2 p.4; PLC__User_Manual_final__v2 p.2; CRP_programming_instruction p.70; CRP_programming_instruction p.46; PLC__User_Manual_final__v2 p.8; PLC__User_Manual_final__v2 p.5,0.0,"The answer is POP.

The POP command is used to pop the top element from the stack.",The MRD command[cite: 6].,0.0,0.5,MPP.,True,17,4,22,1,gana afinado,2
What is the maximum permissible ambient floor vibration for robot installation?,Under 0.5 G[cite: 4].,"The text does not specify the maximum permissible ambient floor vibration for robot installation, therefore I cannot answer the question.",CRP-RA09A-07_1 p.1; EN-00001-A1_Robot_Operation_Manual__1 p.13; CRP-Welding_Technology_Instruction_Manual p.2; EN-00014-A0_CRP-G4-CD60_Electric_Cabinet_Manual_ p.14; EN-00014-A0_CRP-G4-CD60_Electric_Cabinet_Manual_ p.5; PLC__User_Manual_final__v2 p.31,0.0,"The maximum permissible ambient floor vibration for robot installation depends on the specific robot model and its operating conditions. However, a general guideline can be provided:

**Typical acceptable vibration levels for robot installation:**

**Robot Type:** | Max. Permissible Vibration (measured in g) |
---|--- |
**Light robots:** | 0.5-1.0 |
**Heavy robots:** | 1.0-2.0 |

**Specific examples:**

* **Pick-and-place robots:** 0.5-1.0 g (depending on payload and speed)
* **Assembly robots:** 1.0-2.0 g (depending on payload and speed)
* **High-precision robots:** 0.2-0.5 g (depending on accuracy requirements)

**Factors affecting permissible vibration:**

* **Robot weight and payload:** Heavier robots and those handling larger payloads will require a higher tolerance for vibration.
* **Robot speed:** Higher speeds increase the vibration generated by the robot.
* **Robot movements:** Complex or jerky movements will generate higher vibration levels.
* **Floor surface:** The surface quality and stiffness can affect vibration transmission.
* **Environmental factors:** External vibrations from nearby equipment",Under 0.5 G[cite: 4].,0.0372670807453416,1.0,Under 0.5 G.,True,153,4,20,3,gana afinado,5
What field applications are recommended for CRP-RA series robots?,"Assembly, handling, machine tending, and grinding[cite: 4].","The text does not describe field applications for CRP-RA series robots, therefore I cannot answer the question.",EN-00014-A0_CRP-G4-CD60_Electric_Cabinet_Manual_ p.10; EN-00001-A1_Robot_Operation_Manual__1 p.1; EN-00014-A0_CRP-G4-CD60_Electric_Cabinet_Manual_ p.1; EN-00001-A1_Robot_Operation_Manual__1 p.2; EN-00001-A1_Robot_Operation_Manual__1 p.18; EN-00001-A1_Robot_Operation_Manual__1 p.12,0.0,"The CRP-RA series robots are designed for a wide range of field applications, including:

**General Assembly:**
- Assembly of electronic components and assemblies
- Handling delicate components
- Building and assembling complex structures
- Manufacturing and production

**Material Handling:**
- Picking and placing components
- Transferring materials
- Loading and unloading cargo
- Moving heavy objects

**Precision Assembly:**
- Assembly of complex mechanical parts
- Handling small and delicate components
- Assembly of optical components
- Manufacturing of precision parts

**Other Applications:**
- Inspection and maintenance
- Testing and prototyping
- Assembly of consumer products
- Robotics research and development

**Specific Examples:**

* **Electronics Assembly:** Assembly of circuit boards, electronic components, and modules.
* **Automotive Assembly:** Assembly of car parts, such as engines, transmissions, and body panels.
* **Medical Device Assembly:** Assembly of medical devices, such as surgical instruments and implants.
* **Precision Manufacturing:** Assembly of complex mechanical parts for aerospace, industrial, and consumer applications.
* **Consumer Product Assembly:** Assembly of appliances, electronics, and other consumer products.

**Benefits:**

* **High Precision:** CRP-RA robots are highly precise, with repeatability of up","Welding, handling, cutting, spraying, and other industrial automation fields[cite: 4].",0.0357142857142857,0.4210526315789474,"Assembly, handling, machine tending, and grinding.",True,180,10,17,6,gana afinado,2
Which instruction menu category includes machine vision alignment instructions?,7 Visual[cite: 3].,"The text does not describe the instruction menu category that includes machine vision alignment instructions, therefore I cannot answer the question.",CRP_programming_instruction p.43; CRP_programming_instruction p.44; CRP_programming_instruction p.15; EN-00001-A1_Robot_Operation_Manual__1 p.34; CRP-Welding_Technology_Instruction_Manual p.2; CRP_programming_instruction p.7,0.0,"The answer is ""Image Processing and Computer Vision.""

Machine vision alignment instructions are included in the Image Processing and Computer Vision instruction menu category.",5 Visual[cite: 3].,0.0,0.75,7 Visual.,True,24,3,21,2,gana afinado,3
What ladder instruction connects a normally closed contact to the bus?,LDI[cite: 6].,The text states that the LDI instruction connects a normally closed contact to the bus.,PLC__User_Manual_final__v2 p.7; PLC__User_Manual_final__v2 p.4; CRP-Welding_Technology_Instruction_Manual p.1; PLC__User_Manual_final__v2 p.6; PLC__User_Manual_final__v2 p.23; CRP-Welding_Technology_Instruction_Manual p.9,0.1111111111111111,"The answer is an open-collector output instruction.

An open-collector output instruction connects a normally closed contact to the bus by driving the output pin to a low state.",LD[cite: 6].,0.0,0.6666666666666666,LDI.,False,28,2,15,1,gana afinado,2
"In PLC programming, what does component symbol T denote?",System timers[cite: 6].,"The text states that component symbol T in PLC programming denotes a timer. It represents the internal timer number, status variable (ON=1, OFF=0), range 0-59.",PLC__User_Manual_final__v2 p.5; PLC__User_Manual_final__v2 p.3; CRP_programming_instruction p.12; PLC__User_Manual_final__v2 p.2; PLC__User_Manual_final__v2 p.6; CRP-Welding_Technology_Instruction_Manual p.1,0.0,T denotes a timer in PLC programming. It is a symbol used to represent a timer module or function block that is used to delay or pulse a signal.,System timer registers[cite: 6].,0.0,0.6666666666666665,System timers.,False,29,4,25,2,gana afinado,3
How can the operator toggle between different motion coordinate frames?,"By pressing the corresponding screen icons: `【Joint coordinates】`, `【Tool coordinate】`, `【User coordinate】`, or `【Rectangular coordinates】`.","The text does not contain information about toggling between different motion coordinate frames, therefore I cannot answer the question.",CRP-Welding_Technology_Instruction_Manual p.2; EN-00001-A1_Robot_Operation_Manual__1 p.17; EN-00001-A1_Robot_Operation_Manual__1 p.29; CRP-Welding_Technology_Instruction_Manual p.5; EN-00001-A1_Robot_Operation_Manual__1 p.18; EN-00001-A1_Robot_Operation_Manual__1 p.6,0.1176470588235294,"The operator can toggle between different motion coordinate frames using the **Frame Switcher** tool in the MotionBuilder interface.

**Steps:**

1. **Open the MotionBuilder project:** Load the project containing the motion capture data you want to work on.

2. **Select the Motion Clip:** Choose the motion clip you want to work on.

3. **Open the Frame Switcher:** In the right-hand pane, click on the **Frame Switcher** icon.

4. **Select the Frame Switcher:** In the Frame Switcher window, select the desired frame coordinate frame.

**Available Frame Switcher Options:**

- **World:** The global frame, which is the default frame for all motion capture data.
- **Skin:** The frame attached to the skin of the character.
- **Bone:** The frame attached to a specific bone of the character.
- **Custom:** A custom frame defined by the user.

**Additional Notes:**

- You can toggle between frames by selecting them from the Frame Switcher window.
- The selected frame will be displayed in the main viewport.
- You can also use the **Frame Switcher** tool to create and manage custom frames.
- To create a custom frame,",By clicking on the corresponding coordinate frame icon on the status bar[cite: 1].,0.0423280423280423,0.2758620689655172,"By pressing the corresponding screen icons: `【Joint coordinates】`, `【Tool coordinate】`, `【User coordinate】`, or `【Rectangular coordinates】`.",True,181,13,19,15,gana afinado,2
How many articulated joints do the CRP-RA07A-08 and CRP-RA09A-07 possess?,They both possess 6 articulated joints.,"The text does not specify the number of articulated joints possessed by the CRP-RA07A-08 and CRP-RA09A-07, therefore I cannot answer the question.",CRP-RA09A-07_1 p.1; CRP_programming_instruction p.1; EN-00001-A1_Robot_Operation_Manual__1 p.2; EN-00014-A0_CRP-G4-CD60_Electric_Cabinet_Manual_ p.1; EN-00014-A0_CRP-G4-CD60_Electric_Cabinet_Manual_ p.50; EN-00014-A0_CRP-G4-CD60_Electric_Cabinet_Manual_ p.59,0.125,The CRP-RA07A-08 and CRP-RA09A-07 both have a total of 4 articulated joints.,They possess 6 vertical joint axes.,0.2727272727272727,0.5,They both possess 6 articulated joints.,True,12,6,22,6,gana afinado,4
What orientation modes are supported for mounting the CRP-RA robot body?,Ground and inverted (upside-down) mounting[cite: 4].,"The text does not describe any orientation modes for mounting the CRP-RA robot body, therefore I cannot answer the question.",EN-00001-A1_Robot_Operation_Manual__1 p.2; CRP-RA09A-07_1 p.1; EN-00001-A1_Robot_Operation_Manual__1 p.1; EN-00001-A1_Robot_Operation_Manual__1 p.18; EN-00001-A1_Robot_Operation_Manual__1 p.14; EN-00001-A1_Robot_Operation_Manual__1 p.13,0.0689655172413793,"The CRP-RA robot body can be mounted in three orientations:

**1. Vertical:** This is the most common orientation, with the robot standing upright.

**2. Horizontal:** The robot is placed on its back, with its arms and legs extended forward.

**3. Side:** The robot is placed on its side, with one arm and one leg extended forward.

**Additional notes:**

* The robot's orientation can be changed by rotating the robot's base.
* The robot's head can be rotated independently of its body.
* The robot's arms and legs can be moved in various positions to accommodate different orientations.
* The robot's sensors are designed to be able to function in all three orientations.",Ground mounting and upside-down mounting[cite: 4].,0.0163934426229508,0.875,Ground and inverted (upside-down) mounting.,True,112,6,20,5,gana afinado,2
What is the maximum angular velocity of Axis 3 on the CRP-RA07A-08?,410 °/s[cite: 4].,"The text does not provide information about the maximum angular velocity of Axis 3 on the CRP-RA07A-08, therefore I cannot answer the question.",CRP-RA09A-07_1 p.1; EN-00014-A0_CRP-G4-CD60_Electric_Cabinet_Manual_ p.50; EN-00014-A0_CRP-G4-CD60_Electric_Cabinet_Manual_ p.49; CRP-Welding_Technology_Instruction_Manual p.8; PLC__User_Manual_final__v2 p.21; CRP_programming_instruction p.10,0.0,The maximum angular velocity of Axis 3 on the CRP-RA07A-08 is 1500 RPM.,440 °/s[cite: 4].,0.0,0.75,410 °/s.,True,13,3,23,2,gana afinado,5
Is it safe to assume a motionless robot is powered off?,"No, a motionless robot may simply be waiting for an input signal to execute its next programmed movement[cite: 1, 3, 5].",I don't know based on the provided context. The text does not provide information about the safety of a motionless robot being powered off.,EN-00014-A0_CRP-G4-CD60_Electric_Cabinet_Manual_ p.29; EN-00001-A1_Robot_Operation_Manual__1 p.5; EN-00014-A0_CRP-G4-CD60_Electric_Cabinet_Manual_ p.36; EN-00014-A0_CRP-G4-CD60_Electric_Cabinet_Manual_ p.35; EN-00014-A0_CRP-G4-CD60_Electric_Cabinet_Manual_ p.39; CRP-Welding_Technology_Instruction_Manual p.2,0.1276595744680851,"It depends on the context and the robot's design.

**If the robot is designed to be completely motionless when powered off:**

In this case, assuming a motionless robot is powered off is generally safe. However, there are some potential exceptions:

* **Electromagnetic fields:** If the robot has any sensitive electronics or magnetic components, it could still be affected by electromagnetic fields even when powered off.
* **Thermal drift:** If the robot has components that dissipate heat, they could heat up and cause damage or safety hazards even when the robot is not actively running.
* **Mechanical forces:** If the robot is in a position where it is susceptible to external forces, such as gravity or wind, it could still move unintentionally when powered off.

**If the robot is not designed to be completely motionless when powered off:**

In this case, assuming a motionless robot is powered off is not necessarily safe. The robot could still have residual energy stored in its batteries or capacitors, which could cause it to move or behave erratically. Additionally, some robots have safety mechanisms that keep them in a safe position even when powered off. These mechanisms could fail, leading to unsafe movement.

**Therefore, it is not always safe to assume a motionless robot is powered off","No, a motionless robot may be paused or waiting for an external input signal to resume motion.",0.0603448275862068,0.6153846153846153,"No, a motionless robot may simply be waiting for an input signal to execute its next programmed movement[cite: 1, 3, 5].",True,212,17,24,21,gana afinado,3
What is the net physical weight of the CRP-RA07A-08 robot manipulator?,45 kg[cite: 4].,"The text does not contain information about the net physical weight of the CRP-RA07A-08 robot manipulator, therefore I cannot answer this question.",CRP-RA09A-07_1 p.1; EN-00014-A0_CRP-G4-CD60_Electric_Cabinet_Manual_ p.10; EN-00001-A1_Robot_Operation_Manual__1 p.17; CRP-Welding_Technology_Instruction_Manual p.2; EN-00001-A1_Robot_Operation_Manual__1 p.13; EN-00001-A1_Robot_Operation_Manual__1 p.30,0.0,The net physical weight of the CRP-RA07A-08 robot manipulator is 120 kg.,46 kg[cite: 4].,0.1111111111111111,0.75,45 kg.,True,12,3,22,2,gana afinado,4
What role does the built-in three-phase transformer play in the G4 control box?,It isolates 380V from 200V circuits to deliver stable electrical power.,The built-in three-phase transformer in the G4 control box plays a role in isolating electric shock and filtering power supply interference. It is mainly used to power the drive control integrated unit and provide a stable power supply. The transformer capacity is selected according to the load and the safety of people working near the equipment.,EN-00014-A0_CRP-G4-CD60_Electric_Cabinet_Manual_ p.10; EN-00014-A0_CRP-G4-CD60_Electric_Cabinet_Manual_ p.31; EN-00014-A0_CRP-G4-CD60_Electric_Cabinet_Manual_ p.11; EN-00014-A0_CRP-G4-CD60_Electric_Cabinet_Manual_ p.39; EN-00014-A0_CRP-G4-CD60_Electric_Cabinet_Manual_ p.13; EN-00014-A0_CRP-G4-CD60_Electric_Cabinet_Manual_ p.15,0.1159420289855072,"The built-in three-phase transformer in the G4 control box plays a crucial role in converting the incoming single-phase voltage (120V) into the three-phase voltage (240V) required by the motor controller and other electrical components within the control box.

**Function of the Transformer:**

- **Voltage Conversion:** The transformer's primary function is to increase the voltage from 120V to 240V. This voltage conversion is necessary because the motor controller and other components require a three-phase voltage supply, which is typically higher than the single-phase voltage available at the input.
- **Power Transfer:** The transformer transfers electrical power from the input to the output, increasing the voltage and distributing it to the motor controller and other load devices.

**Benefits:**

- **Power Supply:** The transformer provides a stable and regulated power supply for the motor controller and other electronics.
- **Voltage Isolation:** The transformer isolates the incoming single-phase voltage from the output voltage, ensuring that any noise or disturbances on the input side are not transferred to the output side.
- **Circuit Protection:** The transformer can also act as a circuit breaker or fuse, protecting the motor controller and other components from overloads",It provides 380V and 200V three-phase power for internal control components and drives[cite: 2].,0.0394088669950738,0.2962962962962963,It isolates 380V from 200V circuits to deliver stable electrical power.,False,189,14,56,11,gana afinado,1
What is the maximum noise level emitted by CRP-RA series robots during operation?,The noise level is less than or equal to 75 dB(A).,"The text does not contain information about the maximum noise level emitted by CRP-RA series robots during operation, therefore I cannot answer this question.",EN-00014-A0_CRP-G4-CD60_Electric_Cabinet_Manual_ p.10; EN-00001-A1_Robot_Operation_Manual__1 p.1; CRP-RA09A-07_1 p.1; EN-00001-A1_Robot_Operation_Manual__1 p.12; EN-00001-A1_Robot_Operation_Manual__1 p.2; EN-00014-A0_CRP-G4-CD60_Electric_Cabinet_Manual_ p.1,0.1621621621621621,"The noise level emitted by the CRP-RA series robots during operation varies depending on the specific model and operating conditions. However, the general range is as follows:

**Typical noise level:**

* **Low-speed operation:** 50-60 dB(A)
* **High-speed operation:** 70-80 dB(A)

**Maximum noise level:**

* **High-speed operation:** 90 dB(A)

**Note:**

* These noise levels are measured at a distance of 1 meter from the robot.
* The noise level can vary depending on factors such as the robot's speed, surface conditions, and the presence of obstacles.
* The noise level can also vary depending on the specific model of CRP-RA robot.
* For example, the CRP-RA S model has a lower noise level than the CRP-RA M model.

**Additional information:**

* The CRP-RA series robots are designed to be quiet and efficient.
* They use a variety of noise reduction techniques, such as vibration isolation and motor control algorithms.
* The noise level of the CRP-RA robots is generally lower than that of other mobile robots of similar size and weight.",75 dB(A)[cite: 4].,0.0748663101604278,0.3529411764705882,The noise level is less than or equal to 75 dB(A).,True,170,3,24,11,gana afinado,3
What maximum load capacity is specified for the CRP-RA09A-07 robot?,7 kg[cite: 4].,The text states that the CRP-RA09A-07 robot has a rated payload of 7 Kg/6 kg.,CRP-RA09A-07_1 p.1; EN-00001-A1_Robot_Operation_Manual__1 p.1; EN-00014-A0_CRP-G4-CD60_Electric_Cabinet_Manual_ p.49; EN-00014-A0_CRP-G4-CD60_Electric_Cabinet_Manual_ p.23; EN-00001-A1_Robot_Operation_Manual__1 p.2; EN-00014-A0_CRP-G4-CD60_Electric_Cabinet_Manual_ p.31,0.1818181818181818,The CRP-RA09A-07 robot has a maximum load capacity of 20kg.,7 kg[cite: 4].,0.0,1.0,7 kg.,False,10,3,15,2,gana afinado,3
What design strategy is used across the machine to minimize overall failure rates?,Modular design[cite: 4].,The text states that the design strategy used across the machine to minimize overall failure rates is to adopt a modular design.,CRP-Welding_Technology_Instruction_Manual p.2; CRP-RA09A-07_1 p.1; EN-00014-A0_CRP-G4-CD60_Electric_Cabinet_Manual_ p.10; EN-00014-A0_CRP-G4-CD60_Electric_Cabinet_Manual_ p.30; EN-00014-A0_CRP-G4-CD60_Electric_Cabinet_Manual_ p.27; CRP_programming_instruction p.42,0.1538461538461538,"The answer is redundancy.

Redundancy is a design strategy that involves incorporating multiple components or systems into a machine to ensure that if one component fails, the others can take over its function. This design strategy is used across many machines to minimize overall failure rates.",Modular design[cite: 2].,0.04,0.75,Modular design.,False,46,3,22,2,gana afinado,4
Where can users call up programming commands on the teach pendant?,In the status control bar or functional menu area[cite: 3].,"According to the text, users can call up programming commands on the teach pendant by clicking the 【Movement】icon in the submenu area to pop up the ""5555"" program and enter the program editing interface, or by clicking 【Commad】 - 【1 Movement】 - 【1 MOVJ】 in the main menu.",EN-00001-A1_Robot_Operation_Manual__1 p.14; EN-00001-A1_Robot_Operation_Manual__1 p.32; EN-00001-A1_Robot_Operation_Manual__1 p.15; EN-00014-A0_CRP-G4-CD60_Electric_Cabinet_Manual_ p.33; CRP_programming_instruction p.49; EN-00001-A1_Robot_Operation_Manual__1 p.17,0.1379310344827586,"Sure, here's where users can call up programming commands on the teach pendant:

**1. Command Line:**

- The teach pendant has a built-in command line interface where users can directly enter commands. To access this interface, press the **Menu** button on the pendant and select **System** > **Command Line**.
- Once in the command line, users can enter various commands such as G-code commands, M-code commands, and other commands specific to their particular robot model.

**2. Teach Pendant Interface:**

- The teach pendant interface provides a graphical way to interact with the robot. It includes a program editor where users can write and edit programs.
- To access the program editor, press the **Menu** button on the pendant and select **Program** > **Edit**.
- Within the program editor, users can use the available commands and functions to build their programs.

**Additional Resources:**

- **Universal Robots Teach Pendant Reference:**  (Link to the reference manual for your specific robot model)
- **Universal Robots Knowledge Base:** (Link to the knowledge base for your specific robot model)

**Note:** The specific commands available on the teach pendant will depend on the robot model and software version. It",In the status control bar or functional button area[cite: 3].,0.0303030303030303,0.9090909090909092,In the status control bar or functional menu area.,False,192,10,48,9,gana afinado,3
How do you transfer a program file to an external USB drive?,Select the file and click `【Copy to U..】` or open the U-disk interface[cite: 3].,"The text does not describe the process of transferring a program file to an external USB drive, therefore I cannot answer the question.",PLC__User_Manual_final__v2 p.40; PLC__User_Manual_final__v2 p.41; PLC__User_Manual_final__v2 p.42; PLC__User_Manual_final__v2 p.15; PLC__User_Manual_final__v2 p.21; CRP-Welding_Technology_Instruction_Manual p.5,0.2051282051282051,"**Step 1: Locate the program file.**

* Open File Explorer and navigate to the location of the program file on your computer.

**Step 2: Connect the USB drive.**

* Insert the USB drive into an available USB port on your computer.

**Step 3: Copy the file.**

* Select the program file and drag it to the USB drive's icon in File Explorer.
* Alternatively, right-click on the program file and select ""Copy."" Then, navigate to the USB drive and paste the file.

**Step 4: Eject the USB drive.**

* Once the file has been copied, right-click on the USB drive icon in File Explorer and select ""Eject.""

**Additional tips:**

* Make sure that the USB drive has enough space for the program file.
* If the program file is large, it may take a while to copy.
* You can verify that the file has been transferred by checking the USB drive for the file.
* Once the file has been transferred, you can safely remove the USB drive from the computer.

**Note:**

* The specific steps may vary slightly depending on your operating system and file explorer.
* If you encounter any errors",By attaching the drive to the teach pendant and copying the file directly from the teach pendant interface.,0.0792079207920792,0.2352941176470588,Select the file and click `【Copy to U..】` or open the U-disk interface.,True,194,18,23,13,empate,2
What target components can be addressed by the OUT instruction?,"Output relays Y, internal relays M, timers T, and counters C[cite: 6].","The text does not specify the target components that can be addressed by the OUT instruction, therefore I cannot answer the question.",CRP_programming_instruction p.36; CRP_programming_instruction p.35; CRP_programming_instruction p.33; PLC__User_Manual_final__v2 p.5; CRP_programming_instruction p.39; CRP_programming_instruction p.8,0.0,"The OUT instruction in assembly language targets the following components:

**1. Output Ports:**
- OUT instruction primarily targets the output ports of a processor. These ports are used to send data from the processor to external devices or peripherals.

**2. Registers:**
- Although not explicitly stated in the instruction syntax, OUT can also indirectly target registers. For example, the DX register is often used to store the data to be written to an output port.

**3. Memory Locations:**
- In certain architectures, OUT can also address memory locations. This is typically achieved through indirect addressing techniques.

**4. Special Function Registers:**
- Some processors have special function registers that control various aspects of the system, including output control. OUT instructions can sometimes modify these registers to configure output ports or control other system functions.

**Example:**

```assembly
OUT PORTB, AL ; Write the value of AL to port B
```

In this example, the OUT instruction targets the PORTB output port and writes the value of the AL register to it.

**Note:** The specific target components that can be addressed by the OUT instruction depend on the architecture of the processor. Different processors have different sets of output ports and registers.","Output relays Y, internal relays M, timers T, and counters C[cite: 6].",0.0194174757281553,1.0,"Output relays Y, internal relays M, timers T, and counters C.",True,199,12,22,11,gana afinado,2
Which instruction menu category includes auxiliary process control functions?,6 Assistant command[cite: 3].,"The text does not describe the instruction menu category that includes auxiliary process control functions, therefore I cannot answer the question.",CRP-Welding_Technology_Instruction_Manual p.4; EN-00014-A0_CRP-G4-CD60_Electric_Cabinet_Manual_ p.18; CRP_programming_instruction p.22; CRP_programming_instruction p.49; PLC__User_Manual_final__v2 p.3; CRP_programming_instruction p.7,0.0,"The answer is F10.

Auxiliary process control functions are included in the F10 instruction menu category.",5 Assistant command[cite: 3].,0.0,0.8000000000000002,6 Assistant command.,True,16,4,21,3,gana afinado,4
What instruction is used to connect a parallel circuit block in series?,The ANB instruction[cite: 6].,The instruction used to connect a parallel circuit block in series is the ANB command.,PLC__User_Manual_final__v2 p.4; EN-00014-A0_CRP-G4-CD60_Electric_Cabinet_Manual_ p.36; EN-00014-A0_CRP-G4-CD60_Electric_Cabinet_Manual_ p.20; CRP-Welding_Technology_Instruction_Manual p.2; EN-00014-A0_CRP-G4-CD60_Electric_Cabinet_Manual_ p.10; EN-00014-A0_CRP-G4-CD60_Electric_Cabinet_Manual_ p.27,0.2,"The answer is:  Series connection is achieved using the ""in series"" instruction.",The AND instruction[cite: 6].,0.2352941176470588,0.8000000000000002,The ANB instruction.,False,12,4,15,3,gana afinado,3
What command connects a normally open contact directly to the PLC bus?,The LD command[cite: 6].,The text states that the LD command connects a normally open contact directly to the PLC bus.,PLC__User_Manual_final__v2 p.4; PLC__User_Manual_final__v2 p.7; PLC__User_Manual_final__v2 p.6; PLC__User_Manual_final__v2 p.39; PLC__User_Manual_final__v2 p.40; EN-00014-A0_CRP-G4-CD60_Electric_Cabinet_Manual_ p.25,0.2727272727272727,"The answer is NC (normally closed) command.

The NC command connects a normally open contact directly to the PLC bus.",LD[cite: 6].,0.16,0.7499999999999999,The LD command.,False,20,2,17,3,gana afinado,2
What total body weight does the CRP-RA07A-08 robot have?,45 kg[cite: 4].,"The text does not contain information about the total body weight of the CRP-RA07A-08 robot, therefore I cannot answer the question.",CRP-RA09A-07_1 p.1; EN-00001-A1_Robot_Operation_Manual__1 p.13; EN-00001-A1_Robot_Operation_Manual__1 p.2; CRP-Welding_Technology_Instruction_Manual p.2; EN-00001-A1_Robot_Operation_Manual__1 p.18; EN-00001-A1_Robot_Operation_Manual__1 p.14,0.0,The CRP-RA07A-08 robot has a total body weight of 7.2 kilograms (16.1 lb).,46 kg[cite: 4].,0.0,0.75,45 kg.,True,13,3,21,2,gana afinado,3
What is the procedure to invoke programming instructions on the teach pendant?,"Switch to teach mode, open or create a program, and click the instruction menus or status bar[cite: 3].","According to sources 2 and 3, the procedure to invoke programming instructions on the teach pendant is as follows:

1. Turn the mode security switch to teach mode.
2. Switch to the program list interface, create or open a program.
3. Click the < > button in the status control bar, or click the < > < > button in the functional button area to invoke the frequently used instructions.",EN-00001-A1_Robot_Operation_Manual__1 p.14; CRP_programming_instruction p.7; EN-00001-A1_Robot_Operation_Manual__1 p.15; CRP_programming_instruction p.49; EN-00001-A1_Robot_Operation_Manual__1 p.5; EN-00014-A0_CRP-G4-CD60_Electric_Cabinet_Manual_ p.33,0.2650602409638554,"**Procedure to Invoke Programming Instructions on the Teach Pendant:**

**Requirements:**

* Teach pendant with software loaded
* Connection to the robot controller

**Steps:**

1. **Power on the teach pendant.**
2. **Establish a connection to the robot controller.** This can be done by connecting the pendant to the controller using the Ethernet cable.
3. **Navigate to the Programming menu.** To do this, press the ""Menu"" button on the pendant and select ""Programming.""
4. **Select the desired programming mode.** There are two main modes:
   - **Teach Mode:** Allows you to record and edit program instructions.
   - **Playback Mode:** Allows you to playback recorded programs.
5. **Enter the programming instructions.** Once you have selected the desired mode, you can start entering the programming instructions. These instructions can include:
   - Move commands (e.g., forward, back, left, right)
   - Positioning commands (e.g., move to point, move to center)
   - Logic commands (e.g., if-then statements, loops)
   - Variables and constants
   - Comments
6. **Save the program.** Once you have entered all of the programming instructions,","Switch to teach mode, open or create a program file, and select instruction icons from the status or function bar[cite: 3].",0.0655737704918032,0.7317073170731707,"Switch to teach mode, open or create a program, and click the instruction menus or status bar.",False,169,21,70,17,gana afinado,3
What components are contained in the power supply room of the split-design G4 cabinet?,"Mainly heating devices such as transformers, drives, and braking resistors[cite: 2].",The power supply room of the split-design G4 cabinet contains heating devices and a multi-group fan + air duct design to ensure good heat dissipation of heating devices.,EN-00014-A0_CRP-G4-CD60_Electric_Cabinet_Manual_ p.11; EN-00014-A0_CRP-G4-CD60_Electric_Cabinet_Manual_ p.31; EN-00014-A0_CRP-G4-CD60_Electric_Cabinet_Manual_ p.15; EN-00014-A0_CRP-G4-CD60_Electric_Cabinet_Manual_ p.49; EN-00014-A0_CRP-G4-CD60_Electric_Cabinet_Manual_ p.17; EN-00014-A0_CRP-G4-CD60_Electric_Cabinet_Manual_ p.7,0.1463414634146341,"The power supply room of the split-design G4 cabinet contains the following components:

**Main Power Supply:**

* Two 48V DC power supplies with a combined capacity of 1200W.
* Power supply control module (PSM) to manage and distribute power to the various components within the cabinet.
* Battery backup system (optional) to provide backup power in case of grid failure.

**Control System:**

* Control system electronics (including motherboard, CPU, and network interface cards) to manage the overall operation of the cabinet.
* Human-machine interface (HMI) for monitoring and control of the system.
* Software for controlling the power supply, cooling system, and other peripherals.

**Cooling System:**

* Air conditioning system to regulate the temperature within the cabinet.
* Fans to circulate air within the cabinet.
* Condenser water chiller (optional) to further reduce the heat load.

**Other Components:**

* Electrical distribution panel to distribute power from the power supplies to the various components within the cabinet.
* Electrical wiring and cabling to connect all components.
* Grounding system to ensure electrical safety.

**Additional Features:**

* The power supply room is typically enclosed in a","The main air switch, fan, power supply, and control board[cite: 2].",0.0108108108108108,0.25,"Mainly heating devices such as transformers, drives, and braking resistors.",False,184,11,28,10,gana afinado,1
When should an operator use the ORB instruction in PLC programming?,When connecting multiple series circuit blocks in parallel.,"The text states that the ORB instruction is used for parallel connection of series circuit blocks. It is not used for any other purpose. Therefore, the answer is:

When a series circuit block is to be connected in parallel, the ORB instruction should be used.",PLC__User_Manual_final__v2 p.4; EN-00014-A0_CRP-G4-CD60_Electric_Cabinet_Manual_ p.2; CRP_programming_instruction p.1; PLC__User_Manual_final__v2 p.39; EN-00001-A1_Robot_Operation_Manual__1 p.7; PLC__User_Manual_final__v2 p.5,0.1886792452830188,"The ORB instruction in PLC programming should be used when you need to compare two Boolean values and execute a specific action if either value is true.

Here are some examples:

**1. Checking for multiple conditions:**

```
IF (InputA OR InputB) THEN
  // Do something if either InputA or InputB is true
END_IF
```

**2. Setting a flag if either of two inputs is true:**

```
IF (InputA OR InputB) THEN
  Flag = TRUE
END_IF
```

**3. Executing a ladder logic based on multiple conditions:**

```
IF InputA THEN
  // Do something if InputA is true
ELSEIF InputB THEN
  // Do something if InputB is true
ELSE
  // Do something if neither InputA nor InputB are true
END_IF
```

**General rule:**

Use the ORB instruction when you need to execute a specific action if either of two or more Boolean values are true. It is a powerful instruction that can simplify your logic and reduce code duplication.

**Additional notes:**

* The ORB instruction is a Boolean instruction.
* The two operands of the ORB instruction must be",When connecting series circuit blocks together in parallel[cite: 6].,0.0228571428571428,0.7777777777777777,When connecting multiple series circuit blocks in parallel.,False,177,9,45,8,gana afinado,4
How does the independent safety board guarantee forced emergency stops?,It uses imported forced-disconnect relays to supply an external double-circuit emergency stop mechanism[cite: 2].,The text states that the independent safety board guarantees forced emergency stops by using a double circuit emergency stop and imported forced disconnect relay to ensure the reliability of emergency stop.,EN-00014-A0_CRP-G4-CD60_Electric_Cabinet_Manual_ p.19; EN-00014-A0_CRP-G4-CD60_Electric_Cabinet_Manual_ p.10; EN-00014-A0_CRP-G4-CD60_Electric_Cabinet_Manual_ p.36; EN-00014-A0_CRP-G4-CD60_Electric_Cabinet_Manual_ p.11; EN-00014-A0_CRP-G4-CD60_Electric_Cabinet_Manual_ p.37; EN-00014-A0_CRP-G4-CD60_Electric_Cabinet_Manual_ p.6,0.25,The independent safety board does not guarantee forced emergency stops. It provides oversight and investigation into aviation safety matters and issues recommendations for improving safety standards. It does not have the ability to enforce regulations or directly intervene in emergency situations.,It drives the emergency stop motor to quickly cut off power and stop the robot instantly.,0.1034482758620689,0.1818181818181818,It uses imported forced-disconnect relays to supply an external double-circuit emergency stop mechanism.,False,41,16,31,13,gana RAG,1
What resistor component dissipates braking energy during motor deceleration?,Braking resistance R1[cite: 2].,The text states that the braking resistance (R1) dissipates braking energy during motor deceleration.,EN-00014-A0_CRP-G4-CD60_Electric_Cabinet_Manual_ p.29; EN-00014-A0_CRP-G4-CD60_Electric_Cabinet_Manual_ p.38; EN-00014-A0_CRP-G4-CD60_Electric_Cabinet_Manual_ p.30; PLC__User_Manual_final__v2 p.5; EN-00014-A0_CRP-G4-CD60_Electric_Cabinet_Manual_ p.18; EN-00014-A0_CRP-G4-CD60_Electric_Cabinet_Manual_ p.31,0.3157894736842105,"The resistor that dissipates braking energy during motor deceleration is called the regenerative resistor.

When a motor decelerates, it generates electrical energy due to the kinetic energy being converted back into electrical energy. This energy is stored in the form of heat by the regenerative resistor.

The regenerative resistor is typically connected in series with the motor's power supply. When the motor decelerates, the energy stored in its inductance and capacitance is transferred to the regenerative resistor, where it is converted into heat.",Braking resistance R1[cite: 2].,0.0224719101123595,1.0,Braking resistance R1.,False,83,4,14,3,gana afinado,2
"If K = 50 on a 10ms timer, how long is the delay?",0.5 seconds (50 x 10ms)[cite: 6].,"The text states that the delay is equal to the K value on a timer in milliseconds. If K = 50 and the timer is 10ms, the delay is 50ms.",PLC__User_Manual_final__v2 p.6; PLC__User_Manual_final__v2 p.7; EN-00001-A1_Robot_Operation_Manual__1 p.35; CRP_programming_instruction p.23; CRP-Welding_Technology_Instruction_Manual p.2; CRP_programming_instruction p.22,0.1081081081081081,"Sure, the delay is given by the formula:

$$t = K \times T$$

where t is the delay, K is the number of clock cycles, and T is the timer period.

Substituting the values, we get:

$$t = 50 \times 10ms = 500ms$$

Therefore, the delay is 500ms.",0.1 seconds[cite: 6].,0.0754716981132075,0.6153846153846154,0.5 seconds (50 x 10ms).,False,48,3,30,5,gana afinado,4
How can an operator change coordinate frames on the teach pendant interface?,"By pressing `【Joint coordinates】`, `【Tool coordinate】`, `【User coordinate】`, or `【Rectangular coordinates】`[cite: 1].","Based on the provided text, the answer is:

The text does not describe how to change coordinate frames on the teach pendant interface, therefore I cannot answer this question.",EN-00001-A1_Robot_Operation_Manual__1 p.18; EN-00001-A1_Robot_Operation_Manual__1 p.15; CRP-Welding_Technology_Instruction_Manual p.9; EN-00001-A1_Robot_Operation_Manual__1 p.29; EN-00001-A1_Robot_Operation_Manual__1 p.5; CRP-Welding_Technology_Instruction_Manual p.2,0.0476190476190476,"**Changing Coordinate Frames on the Teach Pendant Interface**

**Steps:**

1. **Access the System Configuration Menu:**
   - Press the **Menu** button on the teach pendant.
   - Select **System Configuration**.

2. **Navigate to the Coordinate Frame Menu:**
   - Select **Coordinate Systems**.
   - Select **Coordinate Frames**.

3. **Select the Frame to Modify:**
   - Highlight the desired coordinate frame from the list.

4. **Modify the Frame Parameters:**
   - Change the frame name, if desired.
   - Adjust the frame origin (X, Y, Z) coordinates.
   - Set the frame orientation (Rx, Ry, Rz) values.

5. **Save the Changes:**
   - Press the **Save** button.
   - Confirm the changes by selecting **Yes**.

**Additional Notes:**

- You may need to have the appropriate permissions to access the System Configuration menu.
- The available coordinate frames will depend on the robot controller and software version.
- It is recommended to consult the robot documentation for specific frame options and settings.
- After making changes, you may need to restart the robot controller for the changes to take effect.

**Example",By clicking on different coordinate frame icons[cite: 1].,0.0357142857142857,0.3636363636363637,"By pressing `【Joint coordinates】`, `【Tool coordinate】`, `【User coordinate】`, or `【Rectangular coordinates】`.",True,169,8,29,11,gana afinado,2
What is the function of an input relay (X) in the software PLC?,It acts as an internal window receiving signals from physical external input switches[cite: 6].,"The input relay (X) in the software PLC is used to receive external input switch signals and introduce commands from external components such as buttons, changeover switches, limit switches or digital switches into the system. The input relay is the window through which the system PLC receives external input signals.",PLC__User_Manual_final__v2 p.5; PLC__User_Manual_final__v2 p.6; PLC__User_Manual_final__v2 p.3; PLC__User_Manual_final__v2 p.39; PLC__User_Manual_final__v2 p.7; CRP_programming_instruction p.10,0.123076923076923,"Sure, an input relay (X) in a software PLC serves the purpose of converting an external electrical signal into a digital signal that the PLC can understand and act upon. Here's a breakdown of its function:

**1. Signal Conversion:**
- Input relays receive electrical signals from external sources, such as sensors, switches, or other devices.
- These signals can be in various forms, such as voltage, current, or frequency.
- The input relay converts these signals into a standardized digital format that the PLC can understand.

**2. Logic Integration:**
- The digital signals from the input relay are then integrated with other logic elements within the PLC program.
- These logic elements include timers, counters, Boolean operators, and other functions.
- The PLC uses the combined logic to make decisions and control outputs based on the state of the input relay.

**3. Control Outputs:**
- Based on the logic implemented in the PLC program, the output relays are activated or deactivated to control external devices.
- For example, an input relay connected to a switch can control a motor to turn it on or off when the switch is flipped.

**4. Data Acquisition:**
- In addition to controlling outputs, input relays can also be",It connects external user input signals to the PLC[cite: 6].,0.0473933649289099,0.3846153846153846,It acts as an internal window receiving signals from physical external input switches.,False,204,10,50,13,gana afinado,2
What key combination or icon opens hidden system items on the teach pendant?,The hidden menu toggle button.,The text states that the key combination or icon to open hidden system items on the teach pendant is 【◥ 】\【 ◤】.,EN-00001-A1_Robot_Operation_Manual__1 p.8; EN-00001-A1_Robot_Operation_Manual__1 p.29; EN-00014-A0_CRP-G4-CD60_Electric_Cabinet_Manual_ p.32; EN-00001-A1_Robot_Operation_Manual__1 p.32; EN-00001-A1_Robot_Operation_Manual__1 p.15; EN-00001-A1_Robot_Operation_Manual__1 p.34,0.1666666666666666,The key combination to open hidden system items on the teach pendant is typically F12 + Shift + T.,Press the `【Hidden】` button on the status bar or select the `Hidden` item from the `System` menu.,0.1818181818181818,0.2727272727272727,The hidden menu toggle button.,False,19,17,22,5,gana afinado,2
What command marks the end of a PLC program?,END[cite: 6].,"The text states that the command that marks the end of a PLC program is the ""END"" command.",PLC__User_Manual_final__v2 p.5; PLC__User_Manual_final__v2 p.3; EN-00001-A1_Robot_Operation_Manual__1 p.34; PLC__User_Manual_final__v2 p.39; PLC__User_Manual_final__v2 p.8; PLC__User_Manual_final__v2 p.40,0.0952380952380952,"The answer is ""END"".

The END command marks the end of a PLC program.",END[cite: 6].,0.1176470588235294,1.0,END.,False,14,2,18,1,gana afinado,2
What safety sign level indicates an operation that strictly must not be taken?,"FORBID / Prohibition[cite: 3, 5].","The text states that the safety sign level that indicates an operation that strictly must not be taken is ""DANGER.""",CRP_programming_instruction p.2; EN-00001-A1_Robot_Operation_Manual__1 p.4; CRP_programming_instruction p.5; EN-00001-A1_Robot_Operation_Manual__1 p.7; EN-00001-A1_Robot_Operation_Manual__1 p.12; EN-00001-A1_Robot_Operation_Manual__1 p.5,0.0,"The answer is ""Danger - Do Not Enter"". This sign is used to indicate an operation that strictly must not be taken, as it poses a significant risk of injury or death.","FORBID / Prohibition[cite: 1, 3, 5].",0.0,0.9090909090909092,"FORBID / Prohibition[cite: 3, 5].",False,32,6,20,5,gana afinado,2
"In PLC command lists, what is the function of the LD command?",LD is the command for connecting a normally open contact to the bus.,The LD command in the PLC command list is used to normally open a contact and bus connection.,PLC__User_Manual_final__v2 p.4; PLC__User_Manual_final__v2 p.5; PLC__User_Manual_final__v2 p.3; PLC__User_Manual_final__v2 p.39; PLC__User_Manual_final__v2 p.8; EN-00001-A1_Robot_Operation_Manual__1 p.38,0.4516129032258064,The LD command in PLC command lists is used to load a value from a memory location into a register.,It connects a normally open contact to the main bus line[cite: 6].,0.1818181818181818,0.5384615384615384,LD is the command for connecting a normally open contact to the bus.,False,20,12,18,13,gana afinado,2
What interface is used to connect the teaching pendant cable to the cabinet?,The teaching pendant interface port on the cabinet[cite: 2].,"The text does not describe an interface for connecting the teaching pendant cable to the cabinet, therefore I cannot answer the question.",EN-00001-A1_Robot_Operation_Manual__1 p.15; EN-00001-A1_Robot_Operation_Manual__1 p.14; EN-00014-A0_CRP-G4-CD60_Electric_Cabinet_Manual_ p.33; EN-00014-A0_CRP-G4-CD60_Electric_Cabinet_Manual_ p.32; EN-00001-A1_Robot_Operation_Manual__1 p.17; EN-00001-A1_Robot_Operation_Manual__1 p.29,0.3125,"The interface used to connect the teaching pendant cable to the cabinet depends on the specific teaching pendant and cabinet manufacturer. However, the most common interfaces are:

**Common interfaces:**

* **RJ-45:** Many teaching pendants use an RJ-45 connector to connect to the cabinet. This is a standard connector used for serial communication.
* **USB:** Some teaching pendants use a USB connector to connect to the cabinet. This is usually the case for newer models.
* **Serial:** Some older teaching pendants use a serial interface, which requires a serial adapter to connect to a modern computer.

**Additional factors:**

* **Manufacturer:** Different manufacturers may use different interfaces, even for the same model of teaching pendant and cabinet. It is important to check the manufacturer's documentation for your specific equipment to determine the correct interface.
* **Model:** The specific model of teaching pendant and cabinet will also influence the interface used. For example, the TPMC-10A teaching pendant uses a RJ-45 interface, while the TPMC-10B teaching pendant uses a USB interface.
* **Software:** The software used to control the teaching pendant and cabinet may require a specific interface. It is important to ensure that the software is compatible",The X3 teaching interface[cite: 2].,0.0588235294117647,0.625,The teaching pendant interface port on the cabinet.,True,194,5,22,8,gana afinado,2
What ambient temperature range is suitable for robot installation?,Between 0°C and 45°C[cite: 4].,The text states that the ambient temperature range suitable for robot installation is 0~45°C.,CRP-RA09A-07_1 p.1; EN-00001-A1_Robot_Operation_Manual__1 p.13; CRP-Welding_Technology_Instruction_Manual p.2; EN-00014-A0_CRP-G4-CD60_Electric_Cabinet_Manual_ p.52; EN-00014-A0_CRP-G4-CD60_Electric_Cabinet_Manual_ p.14; EN-00014-A0_CRP-G4-CD60_Electric_Cabinet_Manual_ p.29,0.25,"The ambient temperature range suitable for robot installation depends on the specific robot model and manufacturer specifications. However, a general guideline is as follows:

**Most robots operate best within a temperature range of:**

**-10°C to 40°C (14°F to 104°F)**

This range is suitable for most common indoor environments and covers a wide range of temperatures. However, there are some variations based on specific robot models and manufacturers:

**Specific temperature ranges:**

* **ABB Robotics:** Operates best at temperatures between -10°C and 40°C.
* **Fanuc Robotics:** Recommends a temperature range of 0°C to 40°C.
* **Universal Robots:** Operates best at temperatures between -10°C and 40°C.
* **Kuka Robotics:** Recommends a temperature range of -10°C to 40°C for optimal performance.

**Extreme temperatures:**

* **High temperatures:** Some robots may experience issues at temperatures above 40°C, such as overheating and decreased performance.
* **Low temperatures:** Robots may struggle to operate effectively below -10°C due",From 0 °C to 45 °C[cite: 4].,0.0606060606060606,0.75,Between 0°C and 45°C.,False,149,7,14,4,gana afinado,4
Which execution mode steps through a single line of instruction per start command?,Single line running mode[cite: 1].,"The text states that the ""Single line run"" mode steps through a single line of instruction per start command.",PLC__User_Manual_final__v2 p.3; EN-00001-A1_Robot_Operation_Manual__1 p.35; EN-00001-A1_Robot_Operation_Manual__1 p.38; EN-00001-A1_Robot_Operation_Manual__1 p.39; EN-00001-A1_Robot_Operation_Manual__1 p.34; EN-00001-A1_Robot_Operation_Manual__1 p.40,0.2399999999999999,"The answer is interpretive execution mode.

In interpretive execution mode, the interpreter reads and interprets each line of the program one line at a time, starting from the top of the program and moving down line by line. This means that the interpreter executes each line of the program one line at a time, rather than compiling the entire program into a separate executable file.",Single line running mode[cite: 1].,0.028169014084507,1.0,Single line running mode.,False,65,5,19,4,gana afinado,2
What safety sign classification indicates severe hazards causing death or serious injury?,"DANGER[cite: 1, 3, 5].",The text states that the safety sign classification that indicates severe hazards causing death or serious injury is the DANGER sign.,EN-00001-A1_Robot_Operation_Manual__1 p.4; CRP_programming_instruction p.2; EN-00001-A1_Robot_Operation_Manual__1 p.5; EN-00001-A1_Robot_Operation_Manual__1 p.12; EN-00014-A0_CRP-G4-CD60_Electric_Cabinet_Manual_ p.19; EN-00001-A1_Robot_Operation_Manual__1 p.6,0.0769230769230769,"The answer is H&A (Danger - High Risk of Death or Serious Injury).

H&A safety signs indicate severe hazards that can cause death or serious injury. These hazards are typically associated with processes or equipment that have a high potential for causing harm.","DANGER[cite: 1, 3, 5].",0.0408163265306122,1.0,"DANGER[cite: 1, 3, 5].",False,43,4,21,4,gana afinado,3
What is the motion range of Axis 3 on the CRP-RA07A-08 robot?,From -72° to +120°[cite: 4].,"The text does not contain information about the motion range of Axis 3 on the CRP-RA07A-08 robot, therefore I cannot answer the question.",CRP-RA09A-07_1 p.1; CRP-Welding_Technology_Instruction_Manual p.5; EN-00001-A1_Robot_Operation_Manual__1 p.19; EN-00014-A0_CRP-G4-CD60_Electric_Cabinet_Manual_ p.19; EN-00014-A0_CRP-G4-CD60_Electric_Cabinet_Manual_ p.50; EN-00001-A1_Robot_Operation_Manual__1 p.30,0.0,"The motion range of Axis 3 on the CRP-RA07A-08 robot is:

**Panning:** -180° to +180°
**Tilting:** -90° to +90°
**Rotation:** 360°",From -170° to +170°[cite: 4].,0.0689655172413793,0.6666666666666666,From -72° to +120°.,True,21,5,23,4,gana afinado,4
How much time delay is represented by K = 50 on a 10ms timer?,0.5 seconds[cite: 6].,"The text states that ""K = 50"" on a 10ms timer represents a time delay of 0.5 seconds.",PLC__User_Manual_final__v2 p.6; PLC__User_Manual_final__v2 p.7; CRP_programming_instruction p.23; EN-00001-A1_Robot_Operation_Manual__1 p.35; CRP_programming_instruction p.12; PLC__User_Manual_final__v2 p.21,0.2608695652173913,The time delay represented by K = 50 on a 10ms timer is 50 x 10ms = 500ms.,0.5 seconds[cite: 6].,0.0,1.0,0.5 seconds.,False,18,3,18,2,gana afinado,3
Which standard specifies electrical machinery safety requirements in China?,GB 5226.1-2002 (equivalent to IEC 60204-1:2000)[cite: 5].,"The text does not specify electrical machinery safety requirements in China, therefore I cannot answer the question.",EN-00014-A0_CRP-G4-CD60_Electric_Cabinet_Manual_ p.5; EN-00014-A0_CRP-G4-CD60_Electric_Cabinet_Manual_ p.10; EN-00001-A1_Robot_Operation_Manual__1 p.14; EN-00014-A0_CRP-G4-CD60_Electric_Cabinet_Manual_ p.27; EN-00001-A1_Robot_Operation_Manual__1 p.4; EN-00001-A1_Robot_Operation_Manual__1 p.27,0.0,"In China, the standard that specifies electrical machinery safety requirements is the **GB/T 7023-2019 (IEC 60433 equivalent)**. This standard is published by the Chinese National Standards Commission (SAC) and covers a wide range of electrical machinery, including household appliances, industrial equipment, and vehicles.

Here are some key aspects of GB/T 7023-2019:

* **Safety requirements:** Covers various safety requirements for electrical machinery, including electrical safety, mechanical safety, fire safety, and safety of operators.
* **Technical requirements:** Specifies technical requirements for electrical safety, such as insulation, wiring, and electrical components.
* **Testing requirements:** Defines testing requirements for electrical machinery to ensure compliance with safety standards.
* **Certification:** Requires manufacturers to obtain certification from an accredited certification body to demonstrate compliance with GB/T 7023-2019.

It's important to note that GB/T 7023-2019 is a national standard in China, and it is not necessarily identical to the international standard IEC 60433. However, it is based on the latest version of IEC 604",GB 5226.1-2002 (equivalent to IEC 60204-1:2000).,0.0459770114942528,0.9090909090909092,GB 5226.1-2002 (equivalent to IEC 60204-1:2000).,True,157,6,17,6,gana afinado,2
What is the motion range of Axis 2 on the CRP-RA07A-08 robot?,From -145° to +80°[cite: 4].,"The text does not contain information about the motion range of Axis 2 on the CRP-RA07A-08 robot, therefore I cannot answer the question.",CRP-RA09A-07_1 p.1; CRP-Welding_Technology_Instruction_Manual p.5; EN-00001-A1_Robot_Operation_Manual__1 p.19; EN-00014-A0_CRP-G4-CD60_Electric_Cabinet_Manual_ p.19; EN-00014-A0_CRP-G4-CD60_Electric_Cabinet_Manual_ p.50; EN-00001-A1_Robot_Operation_Manual__1 p.30,0.0,The motion range of Axis 2 on the CRP-RA07A-08 robot is 180 degrees.,From -170° to +170°[cite: 4].,0.0,0.6666666666666666,From -145° to +80°.,True,13,5,23,4,gana afinado,4
What is the OUT command used for in PLC programming?,"OUT is the relay coil output command used for Y, M, T, and C components (it cannot be used for input relay X).","The OUT command is used to control the output relay Y, M, T and C in the CD60-CRX8 system. It is used to transmit the output signal of the system PLC to the output point.",PLC__User_Manual_final__v2 p.4; PLC__User_Manual_final__v2 p.5; PLC__User_Manual_final__v2 p.3; PLC__User_Manual_final__v2 p.39; PLC__User_Manual_final__v2 p.6; PLC__User_Manual_final__v2 p.40,0.3728813559322034,"The OUT command is used in PLC programming to output a value to a particular output device or register. It is commonly used to control hardware devices such as relays, motors, or LEDs.

**Syntax:**

```
OUT [Device Address] = [Output Value]
```

**Parameters:**

* **[Device Address]**: Specifies the address of the output device or register to which the value will be written. This can be a hardware address, a register address, or a symbolic name.
* **[Output Value]**: Specifies the value to be written to the device. This can be a numeric value, a Boolean value, or a reference to another variable.

**Example:**

```
OUT Relay1 = 1
OUT LED1 = TRUE
```

**Purpose:**

* To control outputs in a PLC system.
* To set or clear hardware devices.
* To write values to registers.
* To control external equipment or systems.

**Notes:**

* The OUT command is typically used in conjunction with the IN command to read input values.
* The data type of the output value must be compatible with the device or register being controlled.
* The OUT command can be used in both ladder logic and structured text",It drives a relay coil or an output device[cite: 6].,0.0804020100502512,0.1764705882352941,"OUT is the relay coil output command used for Y, M, T, and C components (it cannot be used for input relay X).",False,192,10,35,23,gana RAG,1
What is the total mass of the CRP-RA07A-08 manipulator?,The arm weighs 45 kg.,"The text does not contain any information about the total mass of the CRP-RA07A-08 manipulator, therefore I cannot answer the question.",CRP-RA09A-07_1 p.1; EN-00014-A0_CRP-G4-CD60_Electric_Cabinet_Manual_ p.18; EN-00014-A0_CRP-G4-CD60_Electric_Cabinet_Manual_ p.10; EN-00001-A1_Robot_Operation_Manual__1 p.19; EN-00014-A0_CRP-G4-CD60_Electric_Cabinet_Manual_ p.50; EN-00014-A0_CRP-G4-CD60_Electric_Cabinet_Manual_ p.19,0.0714285714285714,The total mass of the CRP-RA07A-08 manipulator is 10.8 kg.,46 kg[cite: 4].,0.2222222222222222,0.2222222222222222,The arm weighs 45 kg.,True,10,3,21,5,gana afinado,3
